LS-DYNA keyword deck by LS-PrePost,Rcforc Data
Time,Ma 376 X-force,Time,Ma 376 Y-force,Time,Ma 376 Z-force,
    0.0000000000e+00,    0.0000000000e+00,    0.0000000000e+00,    0.0000000000e+00,    0.0000000000e+00,    0.0000000000e+00,
    1.0997500503e-03,    0.0000000000e+00,    1.0997500503e-03,    0.0000000000e+00,    1.0997500503e-03,    0.0000000000e+00,
    2.1997699514e-03,    0.0000000000e+00,    2.1997699514e-03,    0.0000000000e+00,    2.1997699514e-03,    0.0000000000e+00,
    3.2998500392e-03,    0.0000000000e+00,    3.2998500392e-03,    0.0000000000e+00,    3.2998500392e-03,    0.0000000000e+00,
    4.3996800669e-03,    0.0000000000e+00,    4.3996800669e-03,    0.0000000000e+00,    4.3996800669e-03,    0.0000000000e+00,
    5.4998099804e-03,    0.0000000000e+00,    5.4998099804e-03,    0.0000000000e+00,    5.4998099804e-03,    0.0000000000e+00,
    6.5997899510e-03,    0.0000000000e+00,    6.5997899510e-03,    0.0000000000e+00,    6.5997899510e-03,    0.0000000000e+00,
    7.6998798177e-03,    0.0000000000e+00,    7.6998798177e-03,    0.0000000000e+00,    7.6998798177e-03,    0.0000000000e+00,
    8.7998397648e-03,    0.0000000000e+00,    8.7998397648e-03,    0.0000000000e+00,    8.7998397648e-03,    0.0000000000e+00,
    9.8999300972e-03,    0.0000000000e+00,    9.8999300972e-03,    0.0000000000e+00,    9.8999300972e-03,    0.0000000000e+00,
    1.0999900289e-02,    0.0000000000e+00,    1.0999900289e-02,    0.0000000000e+00,    1.0999900289e-02,    0.0000000000e+00,
    1.2099799700e-02,    0.0000000000e+00,    1.2099799700e-02,    0.0000000000e+00,    1.2099799700e-02,    0.0000000000e+00,
    1.3199700043e-02,    0.0000000000e+00,    1.3199700043e-02,    0.0000000000e+00,    1.3199700043e-02,    0.0000000000e+00,
    1.4299700037e-02,    0.0000000000e+00,    1.4299700037e-02,    0.0000000000e+00,    1.4299700037e-02,    0.0000000000e+00,
    1.5399900265e-02,    0.0000000000e+00,    1.5399900265e-02,    0.0000000000e+00,    1.5399900265e-02,    0.0000000000e+00,
    1.6499700025e-02,    0.0000000000e+00,    1.6499700025e-02,    0.0000000000e+00,    1.6499700025e-02,    0.0000000000e+00,
    1.7599800602e-02,    0.0000000000e+00,    1.7599800602e-02,    0.0000000000e+00,    1.7599800602e-02,    0.0000000000e+00,
    1.8699999899e-02,    0.0000000000e+00,    1.8699999899e-02,    0.0000000000e+00,    1.8699999899e-02,    0.0000000000e+00,
    1.9799899310e-02,    0.0000000000e+00,    1.9799899310e-02,    0.0000000000e+00,    1.9799899310e-02,    0.0000000000e+00,
    2.0899899304e-02,    0.0000000000e+00,    2.0899899304e-02,    0.0000000000e+00,    2.0899899304e-02,    0.0000000000e+00,
    2.1999800578e-02,    0.0000000000e+00,    2.1999800578e-02,    0.0000000000e+00,    2.1999800578e-02,    0.0000000000e+00,
    2.3099899292e-02,    0.0000000000e+00,    2.3099899292e-02,    0.0000000000e+00,    2.3099899292e-02,    0.0000000000e+00,
    2.4199800566e-02,    0.0000000000e+00,    2.4199800566e-02,    0.0000000000e+00,    2.4199800566e-02,    0.0000000000e+00,
    2.5299999863e-02,    0.0000000000e+00,    2.5299999863e-02,    0.0000000000e+00,    2.5299999863e-02,    0.0000000000e+00,
    2.6399999857e-02,    0.0000000000e+00,    2.6399999857e-02,    0.0000000000e+00,    2.6399999857e-02,    0.0000000000e+00,
    2.7499899268e-02,    0.0000000000e+00,    2.7499899268e-02,    0.0000000000e+00,    2.7499899268e-02,    0.0000000000e+00,
    2.8599699959e-02,    0.0000000000e+00,    2.8599699959e-02,    0.0000000000e+00,    2.8599699959e-02,    0.0000000000e+00,
    2.9699699953e-02,    0.0000000000e+00,    2.9699699953e-02,    0.0000000000e+00,    2.9699699953e-02,    0.0000000000e+00,
    3.0799800530e-02,    0.0000000000e+00,    3.0799800530e-02,    0.0000000000e+00,    3.0799800530e-02,    0.0000000000e+00,
    3.1899798661e-02,    0.0000000000e+00,    3.1899798661e-02,    0.0000000000e+00,    3.1899798661e-02,    0.0000000000e+00,
    3.2999701798e-02,    0.0000000000e+00,    3.2999701798e-02,    0.0000000000e+00,    3.2999701798e-02,    0.0000000000e+00,
    3.4099999815e-02,    0.0000000000e+00,    3.4099999815e-02,    0.0000000000e+00,    3.4099999815e-02,    0.0000000000e+00,
    3.5199798644e-02,    0.0000000000e+00,    3.5199798644e-02,    0.0000000000e+00,    3.5199798644e-02,    0.0000000000e+00,
    3.6299798638e-02,    0.0000000000e+00,    3.6299798638e-02,    0.0000000000e+00,    3.6299798638e-02,    0.0000000000e+00,
    3.7399701774e-02,    0.0000000000e+00,    3.7399701774e-02,    0.0000000000e+00,    3.7399701774e-02,    0.0000000000e+00,
    3.8499798626e-02,    0.0000000000e+00,    3.8499798626e-02,    0.0000000000e+00,    3.8499798626e-02,    0.0000000000e+00,
    3.9599899203e-02,    0.0000000000e+00,    3.9599899203e-02,    0.0000000000e+00,    3.9599899203e-02,    0.0000000000e+00,
    4.0699701756e-02,    0.0000000000e+00,    4.0699701756e-02,    0.0000000000e+00,    4.0699701756e-02,    0.0000000000e+00,
    4.1799701750e-02,    0.0000000000e+00,    4.1799701750e-02,    0.0000000000e+00,    4.1799701750e-02,    0.0000000000e+00,
    4.2899999768e-02,    0.0000000000e+00,    4.2899999768e-02,    0.0000000000e+00,    4.2899999768e-02,    0.0000000000e+00,
    4.3999798596e-02,    0.0000000000e+00,    4.3999798596e-02,    0.0000000000e+00,    4.3999798596e-02,    0.0000000000e+00,
    4.5099999756e-02,    0.0000000000e+00,    4.5099999756e-02,    0.0000000000e+00,    4.5099999756e-02,    0.0000000000e+00,
    4.6199999750e-02,    0.0000000000e+00,    4.6199999750e-02,    0.0000000000e+00,    4.6199999750e-02,    0.0000000000e+00,
    4.7299701720e-02,    0.0000000000e+00,    4.7299701720e-02,    0.0000000000e+00,    4.7299701720e-02,    0.0000000000e+00,
    4.8399999738e-02,    0.0000000000e+00,    4.8399999738e-02,    0.0000000000e+00,    4.8399999738e-02,    0.0000000000e+00,
    4.9499999732e-02,    0.0000000000e+00,    4.9499999732e-02,    0.0000000000e+00,    4.9499999732e-02,    0.0000000000e+00,
    5.0599899143e-02,    0.0000000000e+00,    5.0599899143e-02,    0.0000000000e+00,    5.0599899143e-02,    0.0000000000e+00,
    5.1699999720e-02,    0.0000000000e+00,    5.1699999720e-02,    0.0000000000e+00,    5.1699999720e-02,    0.0000000000e+00,
    5.2799798548e-02,    0.0000000000e+00,    5.2799798548e-02,    0.0000000000e+00,    5.2799798548e-02,    0.0000000000e+00,
    5.3899999708e-02,    0.0000000000e+00,    5.3899999708e-02,    0.0000000000e+00,    5.3899999708e-02,    0.0000000000e+00,
    5.4999999702e-02,    0.0000000000e+00,    5.4999999702e-02,    0.0000000000e+00,    5.4999999702e-02,    0.0000000000e+00,
    5.6099798530e-02,    0.0000000000e+00,    5.6099798530e-02,    0.0000000000e+00,    5.6099798530e-02,    0.0000000000e+00,
    5.7199899107e-02,    0.0000000000e+00,    5.7199899107e-02,    0.0000000000e+00,    5.7199899107e-02,    0.0000000000e+00,
    5.8299899101e-02,    0.0000000000e+00,    5.8299899101e-02,    0.0000000000e+00,    5.8299899101e-02,    0.0000000000e+00,
    5.9399999678e-02,    0.0000000000e+00,    5.9399999678e-02,    0.0000000000e+00,    5.9399999678e-02,    0.0000000000e+00,
    6.0499701649e-02,    0.0000000000e+00,    6.0499701649e-02,    0.0000000000e+00,    6.0499701649e-02,    0.0000000000e+00,
    6.1599701643e-02,    0.0000000000e+00,    6.1599701643e-02,    0.0000000000e+00,    6.1599701643e-02,    0.0000000000e+00,
    6.2699697912e-02,    0.0000000000e+00,    6.2699697912e-02,    0.0000000000e+00,    6.2699697912e-02,    0.0000000000e+00,
    6.3799798489e-02,    0.0000000000e+00,    6.3799798489e-02,    0.0000000000e+00,    6.3799798489e-02,    0.0000000000e+00,
    6.4899802208e-02,    0.0000000000e+00,    6.4899802208e-02,    0.0000000000e+00,    6.4899802208e-02,    0.0000000000e+00,
    6.5999902785e-02,    0.0000000000e+00,    6.5999902785e-02,    0.0000000000e+00,    6.5999902785e-02,    0.0000000000e+00,
    6.7099899054e-02,    0.0000000000e+00,    6.7099899054e-02,    0.0000000000e+00,    6.7099899054e-02,    0.0000000000e+00,
    6.8199902773e-02,    0.0000000000e+00,    6.8199902773e-02,    0.0000000000e+00,    6.8199902773e-02,    0.0000000000e+00,
    6.9299899042e-02,    0.0000000000e+00,    6.9299899042e-02,    0.0000000000e+00,    6.9299899042e-02,    0.0000000000e+00,
    7.0399701595e-02,    0.0000000000e+00,    7.0399701595e-02,    0.0000000000e+00,    7.0399701595e-02,    0.0000000000e+00,
    7.1499899030e-02,    0.0000000000e+00,    7.1499899030e-02,    0.0000000000e+00,    7.1499899030e-02,    0.0000000000e+00,
    7.2599798441e-02,    0.0000000000e+00,    7.2599798441e-02,    0.0000000000e+00,    7.2599798441e-02,    0.0000000000e+00,
    7.3700003326e-02,    0.0000000000e+00,    7.3700003326e-02,    0.0000000000e+00,    7.3700003326e-02,    0.0000000000e+00,
    7.4799902737e-02,    0.0000000000e+00,    7.4799902737e-02,    0.0000000000e+00,    7.4799902737e-02,    0.0000000000e+00,
    7.5899697840e-02,    0.0000000000e+00,    7.5899697840e-02,    0.0000000000e+00,    7.5899697840e-02,    0.0000000000e+00,
    7.6999701560e-02,    0.0000000000e+00,    7.6999701560e-02,    0.0000000000e+00,    7.6999701560e-02,    0.0000000000e+00,
    7.8099898994e-02,    0.0000000000e+00,    7.8099898994e-02,    0.0000000000e+00,    7.8099898994e-02,    0.0000000000e+00,
    7.9199798405e-02,    0.0000000000e+00,    7.9199798405e-02,    0.0000000000e+00,    7.9199798405e-02,    0.0000000000e+00,
    8.0299697816e-02,    0.0000000000e+00,    8.0299697816e-02,    0.0000000000e+00,    8.0299697816e-02,    0.0000000000e+00,
    8.1399798393e-02,    0.0000000000e+00,    8.1399798393e-02,    0.0000000000e+00,    8.1399798393e-02,    0.0000000000e+00,
    8.2499802113e-02,    0.0000000000e+00,    8.2499802113e-02,    0.0000000000e+00,    8.2499802113e-02,    0.0000000000e+00,
    8.3599999547e-02,    0.0000000000e+00,    8.3599999547e-02,    0.0000000000e+00,    8.3599999547e-02,    0.0000000000e+00,
    8.4699898958e-02,    0.0000000000e+00,    8.4699898958e-02,    0.0000000000e+00,    8.4699898958e-02,    0.0000000000e+00,
    8.5799798369e-02,    0.0000000000e+00,    8.5799798369e-02,    0.0000000000e+00,    8.5799798369e-02,    0.0000000000e+00,
    8.6899802089e-02,    0.0000000000e+00,    8.6899802089e-02,    0.0000000000e+00,    8.6899802089e-02,    0.0000000000e+00,
    8.7999999523e-02,    0.0000000000e+00,    8.7999999523e-02,    0.0000000000e+00,    8.7999999523e-02,    0.0000000000e+00,
    8.9100003242e-02,    0.0000000000e+00,    8.9100003242e-02,    0.0000000000e+00,    8.9100003242e-02,    0.0000000000e+00,
    9.0199701488e-02,    0.0000000000e+00,    9.0199701488e-02,    0.0000000000e+00,    9.0199701488e-02,    0.0000000000e+00,
    9.1299898922e-02,    0.0000000000e+00,    9.1299898922e-02,    0.0000000000e+00,    9.1299898922e-02,    0.0000000000e+00,
    9.2399999499e-02,    0.0000000000e+00,    9.2399999499e-02,    0.0000000000e+00,    9.2399999499e-02,    0.0000000000e+00,
    9.3499697745e-02,    0.0000000000e+00,    9.3499697745e-02,    0.0000000000e+00,    9.3499697745e-02,    0.0000000000e+00,
    9.4599798322e-02,    0.0000000000e+00,    9.4599798322e-02,    0.0000000000e+00,    9.4599798322e-02,    0.0000000000e+00,
    9.5699697733e-02,    0.0000000000e+00,    9.5699697733e-02,    0.0000000000e+00,    9.5699697733e-02,    0.0000000000e+00,
    9.6799798310e-02,    0.0000000000e+00,    9.6799798310e-02,    0.0000000000e+00,    9.6799798310e-02,    0.0000000000e+00,
    9.7899898887e-02,    0.0000000000e+00,    9.7899898887e-02,    0.0000000000e+00,    9.7899898887e-02,    0.0000000000e+00,
    9.8999999464e-02,    0.0000000000e+00,    9.8999999464e-02,    0.0000000000e+00,    9.8999999464e-02,    0.0000000000e+00,
    1.0010000318e-01,    0.0000000000e+00,    1.0010000318e-01,    0.0000000000e+00,    1.0010000318e-01,    0.0000000000e+00,
    1.0119999945e-01,    0.0000000000e+00,    1.0119999945e-01,    0.0000000000e+00,    1.0119999945e-01,    0.0000000000e+00,
    1.0230000317e-01,    0.0000000000e+00,    1.0230000317e-01,    0.0000000000e+00,    1.0230000317e-01,    0.0000000000e+00,
    1.0339999944e-01,    0.0000000000e+00,    1.0339999944e-01,    0.0000000000e+00,    1.0339999944e-01,    0.0000000000e+00,
    1.0450000316e-01,    0.0000000000e+00,    1.0450000316e-01,    0.0000000000e+00,    1.0450000316e-01,    0.0000000000e+00,
    1.0559999943e-01,    0.0000000000e+00,    1.0559999943e-01,    0.0000000000e+00,    1.0559999943e-01,    0.0000000000e+00,
    1.0670000315e-01,    0.0000000000e+00,    1.0670000315e-01,    0.0000000000e+00,    1.0670000315e-01,    0.0000000000e+00,
    1.0779999942e-01,    0.0000000000e+00,    1.0779999942e-01,    0.0000000000e+00,    1.0779999942e-01,    0.0000000000e+00,
    1.0890000314e-01,    0.0000000000e+00,    1.0890000314e-01,    0.0000000000e+00,    1.0890000314e-01,    0.0000000000e+00,
    1.0999999940e-01,    0.0000000000e+00,    1.0999999940e-01,    0.0000000000e+00,    1.0999999940e-01,    0.0000000000e+00,
    1.1110000312e-01,    0.0000000000e+00,    1.1110000312e-01,    0.0000000000e+00,    1.1110000312e-01,    0.0000000000e+00,
    1.1219999939e-01,    0.0000000000e+00,    1.1219999939e-01,    0.0000000000e+00,    1.1219999939e-01,    0.0000000000e+00,
    1.1330000311e-01,    0.0000000000e+00,    1.1330000311e-01,    0.0000000000e+00,    1.1330000311e-01,    0.0000000000e+00,
    1.1439999938e-01,    0.0000000000e+00,    1.1439999938e-01,    0.0000000000e+00,    1.1439999938e-01,    0.0000000000e+00,
    1.1550000310e-01,    0.0000000000e+00,    1.1550000310e-01,    0.0000000000e+00,    1.1550000310e-01,    0.0000000000e+00,
    1.1659999937e-01,    0.0000000000e+00,    1.1659999937e-01,    0.0000000000e+00,    1.1659999937e-01,    0.0000000000e+00,
    1.1770000309e-01,    0.0000000000e+00,    1.1770000309e-01,    0.0000000000e+00,    1.1770000309e-01,    0.0000000000e+00,
    1.1879999936e-01,    0.0000000000e+00,    1.1879999936e-01,    0.0000000000e+00,    1.1879999936e-01,    0.0000000000e+00,
    1.1990000308e-01,    0.0000000000e+00,    1.1990000308e-01,    0.0000000000e+00,    1.1990000308e-01,    0.0000000000e+00,
    1.2099999934e-01,    0.0000000000e+00,    1.2099999934e-01,    0.0000000000e+00,    1.2099999934e-01,    0.0000000000e+00,
    1.2210000306e-01,    0.0000000000e+00,    1.2210000306e-01,    0.0000000000e+00,    1.2210000306e-01,    0.0000000000e+00,
    1.2319999933e-01,    0.0000000000e+00,    1.2319999933e-01,    0.0000000000e+00,    1.2319999933e-01,    0.0000000000e+00,
    1.2430000305e-01,    0.0000000000e+00,    1.2430000305e-01,    0.0000000000e+00,    1.2430000305e-01,    0.0000000000e+00,
    1.2540000677e-01,    0.0000000000e+00,    1.2540000677e-01,    0.0000000000e+00,    1.2540000677e-01,    0.0000000000e+00,
    1.2649999559e-01,    0.0000000000e+00,    1.2649999559e-01,    0.0000000000e+00,    1.2649999559e-01,    0.0000000000e+00,
    1.2759999931e-01,    0.0000000000e+00,    1.2759999931e-01,    0.0000000000e+00,    1.2759999931e-01,    0.0000000000e+00,
    1.2870000303e-01,    0.0000000000e+00,    1.2870000303e-01,    0.0000000000e+00,    1.2870000303e-01,    0.0000000000e+00,
    1.2980000675e-01,    0.0000000000e+00,    1.2980000675e-01,    0.0000000000e+00,    1.2980000675e-01,    0.0000000000e+00,
    1.3089999557e-01,    0.0000000000e+00,    1.3089999557e-01,    0.0000000000e+00,    1.3089999557e-01,    0.0000000000e+00,
    1.3199999928e-01,    0.0000000000e+00,    1.3199999928e-01,    0.0000000000e+00,    1.3199999928e-01,    0.0000000000e+00,
    1.3310000300e-01,    0.0000000000e+00,    1.3310000300e-01,    0.0000000000e+00,    1.3310000300e-01,    0.0000000000e+00,
    1.3420000672e-01,    0.0000000000e+00,    1.3420000672e-01,    0.0000000000e+00,    1.3420000672e-01,    0.0000000000e+00,
    1.3529999554e-01,    0.0000000000e+00,    1.3529999554e-01,    0.0000000000e+00,    1.3529999554e-01,    0.0000000000e+00,
    1.3639999926e-01,    0.0000000000e+00,    1.3639999926e-01,    0.0000000000e+00,    1.3639999926e-01,    0.0000000000e+00,
    1.3750000298e-01,    0.0000000000e+00,    1.3750000298e-01,    0.0000000000e+00,    1.3750000298e-01,    0.0000000000e+00,
    1.3860000670e-01,    0.0000000000e+00,    1.3860000670e-01,    0.0000000000e+00,    1.3860000670e-01,    0.0000000000e+00,
    1.3969999552e-01,    0.0000000000e+00,    1.3969999552e-01,    0.0000000000e+00,    1.3969999552e-01,    0.0000000000e+00,
    1.4079999924e-01,    0.0000000000e+00,    1.4079999924e-01,    0.0000000000e+00,    1.4079999924e-01,    0.0000000000e+00,
    1.4190000296e-01,    0.0000000000e+00,    1.4190000296e-01,    0.0000000000e+00,    1.4190000296e-01,    0.0000000000e+00,
    1.4300000668e-01,    0.0000000000e+00,    1.4300000668e-01,    0.0000000000e+00,    1.4300000668e-01,    0.0000000000e+00,
    1.4409999549e-01,    0.0000000000e+00,    1.4409999549e-01,    0.0000000000e+00,    1.4409999549e-01,    0.0000000000e+00,
    1.4519999921e-01,    0.0000000000e+00,    1.4519999921e-01,    0.0000000000e+00,    1.4519999921e-01,    0.0000000000e+00,
    1.4630000293e-01,    0.0000000000e+00,    1.4630000293e-01,    0.0000000000e+00,    1.4630000293e-01,    0.0000000000e+00,
    1.4740000665e-01,    0.0000000000e+00,    1.4740000665e-01,    0.0000000000e+00,    1.4740000665e-01,    0.0000000000e+00,
    1.4849999547e-01,    0.0000000000e+00,    1.4849999547e-01,    0.0000000000e+00,    1.4849999547e-01,    0.0000000000e+00,
    1.4959999919e-01,    0.0000000000e+00,    1.4959999919e-01,    0.0000000000e+00,    1.4959999919e-01,    0.0000000000e+00,
    1.5070000291e-01,    0.0000000000e+00,    1.5070000291e-01,    0.0000000000e+00,    1.5070000291e-01,    0.0000000000e+00,
    1.5180000663e-01,    0.0000000000e+00,    1.5180000663e-01,    0.0000000000e+00,    1.5180000663e-01,    0.0000000000e+00,
    1.5289999545e-01,    0.0000000000e+00,    1.5289999545e-01,    0.0000000000e+00,    1.5289999545e-01,    0.0000000000e+00,
    1.5399999917e-01,    0.0000000000e+00,    1.5399999917e-01,    0.0000000000e+00,    1.5399999917e-01,    0.0000000000e+00,
    1.5510000288e-01,    0.0000000000e+00,    1.5510000288e-01,    0.0000000000e+00,    1.5510000288e-01,    0.0000000000e+00,
    1.5620000660e-01,    0.0000000000e+00,    1.5620000660e-01,    0.0000000000e+00,    1.5620000660e-01,    0.0000000000e+00,
    1.5729999542e-01,    0.0000000000e+00,    1.5729999542e-01,    0.0000000000e+00,    1.5729999542e-01,    0.0000000000e+00,
    1.5839999914e-01,    0.0000000000e+00,    1.5839999914e-01,    0.0000000000e+00,    1.5839999914e-01,    0.0000000000e+00,
    1.5950000286e-01,    6.7299998818e-07,    1.5950000286e-01,    3.3442198765e-04,    1.5950000286e-01,    8.8755896854e-08,
    1.6060000658e-01,    1.4942300368e-05,    1.6060000658e-01,    1.4899199829e-02,    1.6060000658e-01,    2.8775499231e-05,
    1.6169999540e-01,    1.9973100279e-05,    1.6169999540e-01,    4.8228301108e-02,    1.6169999540e-01,    1.7232699611e-04,
    1.6279999912e-01,    2.3696800781e-05,    1.6279999912e-01,    9.6544899046e-02,    1.6279999912e-01,    8.0715799413e-05,
    1.6390000284e-01,    1.4827700397e-05,    1.6390000284e-01,    1.5522199869e-01,    1.6390000284e-01,    1.2664499809e-04,
    1.6500000656e-01,    7.0339101512e-06,    1.6500000656e-01,    2.2151699662e-01,    1.6500000656e-01,    1.4276900038e-04,
    1.6609999537e-01,   -6.2613999035e-06,    1.6609999537e-01,    2.9773598909e-01,    1.6609999537e-01,    2.4568600929e-04,
    1.6719999909e-01,   -9.3733697213e-06,    1.6719999909e-01,    3.7726700306e-01,    1.6719999909e-01,    2.1014599770e-04,
    1.6830000281e-01,   -2.9451199225e-05,    1.6830000281e-01,    4.6299201250e-01,    1.6830000281e-01,    1.8662800721e-04,
    1.6940000653e-01,   -1.0161100363e-04,    1.6940000653e-01,    5.5102801323e-01,    1.6940000653e-01,    1.4006999845e-04,
    1.7049999535e-01,   -2.4334499903e-04,    1.7049999535e-01,    6.5132898092e-01,    1.7049999535e-01,    2.6961099138e-05,
    1.7159999907e-01,   -2.2168899886e-04,    1.7159999907e-01,    7.5899899006e-01,    1.7159999907e-01,    1.3156300702e-04,
    1.7270000279e-01,   -3.8179499097e-04,    1.7270000279e-01,    8.7990498543e-01,    1.7270000279e-01,    3.9089098573e-04,
    1.7380000651e-01,   -4.2261800263e-04,    1.7380000651e-01,    1.0060800314e+00,    1.7380000651e-01,    1.6651699843e-04,
    1.7489999533e-01,   -5.4495199583e-04,    1.7489999533e-01,    1.1521899700e+00,    1.7489999533e-01,   -5.1783700474e-04,
    1.7599999905e-01,   -5.9145601699e-04,    1.7599999905e-01,    1.3043199778e+00,    1.7599999905e-01,   -7.3111598613e-04,
    1.7710000277e-01,   -7.6838099631e-04,    1.7710000277e-01,    1.4463800192e+00,    1.7710000277e-01,   -1.2023999589e-03,
    1.7820000648e-01,   -9.8460295703e-04,    1.7820000648e-01,    1.6037399769e+00,    1.7820000648e-01,   -1.7728400417e-03,
    1.7929999530e-01,   -1.1979399715e-03,    1.7929999530e-01,    1.7655199766e+00,    1.7929999530e-01,   -1.3316799887e-03,
    1.8039999902e-01,   -1.7902499530e-03,    1.8039999902e-01,    1.9549700022e+00,    1.8039999902e-01,   -1.5339299571e-03,
    1.8150000274e-01,   -1.6575700138e-03,    1.8150000274e-01,    2.1691100597e+00,    1.8150000274e-01,   -2.4769599549e-03,
    1.8260000646e-01,   -1.8022400327e-03,    1.8260000646e-01,    2.3747498989e+00,    1.8260000646e-01,   -2.4020599667e-03,
    1.8369999528e-01,   -2.1546399221e-03,    1.8369999528e-01,    2.5895500183e+00,    1.8369999528e-01,   -1.9114699680e-03,
    1.8479999900e-01,   -1.9785000477e-03,    1.8479999900e-01,    2.8167200089e+00,    1.8479999900e-01,   -2.2239000537e-03,
    1.8590000272e-01,   -2.2212599870e-03,    1.8590000272e-01,    3.0430099964e+00,    1.8590000272e-01,   -2.3759799078e-03,
    1.8700000644e-01,   -2.4457799736e-03,    1.8700000644e-01,    3.2577800751e+00,    1.8700000644e-01,   -1.9345500041e-03,
    1.8809999526e-01,   -2.5495400187e-03,    1.8809999526e-01,    3.4844200611e+00,    1.8809999526e-01,   -1.3185599819e-03,
    1.8919999897e-01,   -3.7583199446e-04,    1.8919999897e-01,    3.7111399174e+00,    1.8919999897e-01,   -2.4831299670e-03,
    1.9030000269e-01,   -2.2440399043e-03,    1.9030000269e-01,    3.9097299576e+00,    1.9030000269e-01,   -2.6437900960e-03,
    1.9140000641e-01,   -3.3128301147e-03,    1.9140000641e-01,    4.1135702133e+00,    1.9140000641e-01,   -1.7247699434e-03,
    1.9249999523e-01,   -2.7590999380e-03,    1.9249999523e-01,    4.3285198212e+00,    1.9249999523e-01,   -9.1027101735e-04,
    1.9359999895e-01,   -3.2362400088e-03,    1.9359999895e-01,    4.5091600418e+00,    1.9359999895e-01,   -8.9360499987e-04,
    1.9470000267e-01,   -3.6518198904e-03,    1.9470000267e-01,    4.7017898560e+00,    1.9470000267e-01,   -8.0547697144e-04,
    1.9580000639e-01,   -3.7019099109e-03,    1.9580000639e-01,    4.9024701118e+00,    1.9580000639e-01,    5.1384099061e-04,
    1.9689999521e-01,   -4.3655801564e-03,    1.9689999521e-01,    5.1288900375e+00,    1.9689999521e-01,    4.8825098202e-03,
    1.9799999893e-01,   -4.7283000313e-03,    1.9799999893e-01,    5.3412699699e+00,    1.9799999893e-01,    1.1983100325e-02,
    1.9910000265e-01,   -4.7071799636e-03,    1.9910000265e-01,    5.5640101433e+00,    1.9910000265e-01,    1.6314299777e-02,
    2.0020000637e-01,   -3.9559397846e-03,    2.0020000637e-01,    5.7974801064e+00,    2.0020000637e-01,    1.6520300880e-02,
    2.0129999518e-01,   -4.7580399550e-03,    2.0129999518e-01,    6.0413799286e+00,    2.0129999518e-01,    1.4940099791e-02,
    2.0239999890e-01,   -5.0379298627e-03,    2.0239999890e-01,    6.3043899536e+00,    2.0239999890e-01,    1.1994699948e-02,
    2.0350000262e-01,   -6.1785201542e-03,    2.0350000262e-01,    6.5892300606e+00,    2.0350000262e-01,    7.3452498764e-03,
    2.0460000634e-01,   -5.9053502046e-03,    2.0460000634e-01,    6.8396601677e+00,    2.0460000634e-01,    2.0779699553e-03,
    2.0569999516e-01,   -6.1222100630e-03,    2.0569999516e-01,    7.0737199783e+00,    2.0569999516e-01,   -3.1235700008e-03,
    2.0679999888e-01,   -5.6405900978e-03,    2.0679999888e-01,    7.2349100113e+00,    2.0679999888e-01,   -7.8234802932e-03,
    2.0790000260e-01,   -6.2739998102e-03,    2.0790000260e-01,    7.3073101044e+00,    2.0790000260e-01,   -1.2306000106e-02,
    2.0900000632e-01,   -5.9808301739e-03,    2.0900000632e-01,    7.3996100426e+00,    2.0900000632e-01,   -1.7161600292e-02,
    2.1009999514e-01,   -4.5786597766e-03,    2.1009999514e-01,    7.4503898621e+00,    2.1009999514e-01,   -1.6642700881e-02,
    2.1119999886e-01,   -6.9939098321e-03,    2.1119999886e-01,    7.4957098961e+00,    2.1119999886e-01,   -1.6906000674e-02,
    2.1230000257e-01,   -5.1458398812e-03,    2.1230000257e-01,    7.5165700912e+00,    2.1230000257e-01,   -1.8615700305e-02,
    2.1340000629e-01,   -4.8829601146e-03,    2.1340000629e-01,    7.5381999016e+00,    2.1340000629e-01,   -1.5343399718e-02,
    2.1449999511e-01,   -5.6514600292e-03,    2.1449999511e-01,    7.5619502068e+00,    2.1449999511e-01,   -1.1344299652e-02,
    2.1559999883e-01,   -4.3517299928e-03,    2.1559999883e-01,    7.6075701714e+00,    2.1559999883e-01,   -1.4547600411e-02,
    2.1670000255e-01,   -4.9342699349e-03,    2.1670000255e-01,    7.6453599930e+00,    2.1670000255e-01,   -1.5386899933e-02,
    2.1780000627e-01,   -5.0242901780e-03,    2.1780000627e-01,    7.7083802223e+00,    2.1780000627e-01,   -1.3797500171e-02,
    2.1889999509e-01,   -5.0954199396e-03,    2.1889999509e-01,    7.8239398003e+00,    2.1889999509e-01,   -1.3951200061e-02,
    2.1999999881e-01,   -5.2682198584e-03,    2.1999999881e-01,    7.9776201248e+00,    2.1999999881e-01,   -1.1129099876e-02,
    2.2110000253e-01,   -9.4473697245e-03,    2.2110000253e-01,    8.1541099548e+00,    2.2110000253e-01,   -9.4122802839e-03,
    2.2220000625e-01,   -6.2132598832e-03,    2.2220000625e-01,    8.3911600113e+00,    2.2220000625e-01,   -8.2687903196e-03,
    2.2329999506e-01,   -6.5804501064e-03,    2.2329999506e-01,    8.6182403564e+00,    2.2329999506e-01,   -1.0057900101e-02,
    2.2439999878e-01,   -9.1415103525e-03,    2.2439999878e-01,    8.8551502228e+00,    2.2439999878e-01,   -1.0908000171e-02,
    2.2550000250e-01,   -9.7676999867e-03,    2.2550000250e-01,    9.0686197281e+00,    2.2550000250e-01,   -1.0330400430e-02,
    2.2660000622e-01,   -1.0143499821e-02,    2.2660000622e-01,    9.2507696152e+00,    2.2660000622e-01,   -1.1152399704e-02,
    2.2769999504e-01,   -8.8275596499e-03,    2.2769999504e-01,    9.4047698975e+00,    2.2769999504e-01,   -5.4267700762e-03,
    2.2879999876e-01,   -1.9751299173e-02,    2.2879999876e-01,    9.5000600815e+00,    2.2879999876e-01,    1.9210600294e-03,
    2.2990000248e-01,    7.5385197997e-03,    2.2990000248e-01,    9.5034103394e+00,    2.2990000248e-01,    1.4062600210e-02,
    2.3100000620e-01,   -9.6294302493e-03,    2.3100000620e-01,    9.5014896393e+00,    2.3100000620e-01,    1.5450400300e-02,
    2.3209999502e-01,   -7.1928398684e-03,    2.3209999502e-01,    9.4770002365e+00,    2.3209999502e-01,    1.9377799705e-02,
    2.3319999874e-01,   -9.2357899994e-03,    2.3319999874e-01,    9.4911499023e+00,    2.3319999874e-01,    1.7301600426e-02,
    2.3430000246e-01,   -7.8994203359e-03,    2.3430000246e-01,    9.5937900543e+00,    2.3430000246e-01,    1.5034999698e-02,
    2.3540000618e-01,   -1.1963600293e-02,    2.3540000618e-01,    9.7243995667e+00,    2.3540000618e-01,    9.3115102500e-03,
    2.3649999499e-01,   -7.5066802092e-03,    2.3649999499e-01,    9.8716697693e+00,    2.3649999499e-01,    8.4336400032e-03,
    2.3759999871e-01,   -1.1991299689e-02,    2.3759999871e-01,    1.0009799957e+01,    2.3759999871e-01,    4.2635099962e-03,
    2.3870000243e-01,   -8.2396902144e-03,    2.3870000243e-01,    1.0192700386e+01,    2.3870000243e-01,   -6.5667300078e-05,
    2.3980000615e-01,   -1.0525199585e-02,    2.3980000615e-01,    1.0364399910e+01,    2.3980000615e-01,   -7.2002998786e-04,
    2.4089999497e-01,   -9.6878400072e-03,    2.4089999497e-01,    1.0473600388e+01,    2.4089999497e-01,   -6.8595497869e-03,
    2.4199999869e-01,   -7.5468597934e-03,    2.4199999869e-01,    1.0620300293e+01,    2.4199999869e-01,   -6.9041498937e-03,
    2.4310000241e-01,   -1.9407700747e-02,    2.4310000241e-01,    1.0742600441e+01,    2.4310000241e-01,   -1.6015900299e-02,
    2.4420000613e-01,   -9.2910099775e-03,    2.4420000613e-01,    1.0848500252e+01,    2.4420000613e-01,   -1.0667599738e-02,
    2.4529999495e-01,   -1.1361000128e-02,    2.4529999495e-01,    1.0940500259e+01,    2.4529999495e-01,   -1.2000599876e-02,
    2.4639999866e-01,   -9.1629596427e-03,    2.4639999866e-01,    1.1046099663e+01,    2.4639999866e-01,   -7.3566599749e-03,
    2.4750000238e-01,   -1.3774599880e-02,    2.4750000238e-01,    1.1158599854e+01,    2.4750000238e-01,   -4.9514002167e-03,
    2.4860000610e-01,   -8.1342803314e-03,    2.4860000610e-01,    1.1324099541e+01,    2.4860000610e-01,   -1.0182200000e-02,
    2.4969999492e-01,   -8.8856704533e-03,    2.4969999492e-01,    1.1467300415e+01,    2.4969999492e-01,   -8.4170699120e-03,
    2.5080001354e-01,   -1.4504499733e-02,    2.5080001354e-01,    1.1592499733e+01,    2.5080001354e-01,   -6.5070698038e-03,
    2.5189998746e-01,   -1.3512800448e-02,    2.5189998746e-01,    1.1683500290e+01,    2.5189998746e-01,    2.3903599940e-03,
    2.5299999118e-01,   -1.1976099573e-02,    2.5299999118e-01,    1.1777199745e+01,    2.5299999118e-01,    7.7422801405e-04,
    2.5409999490e-01,   -9.8440200090e-03,    2.5409999490e-01,    1.1889900208e+01,    2.5409999490e-01,    1.6795400297e-03,
    2.5519999862e-01,   -1.5006699599e-02,    2.5519999862e-01,    1.1991600037e+01,    2.5519999862e-01,    5.4499600083e-03,
    2.5630000234e-01,   -1.0767700151e-02,    2.5630000234e-01,    1.2139399529e+01,    2.5630000234e-01,    5.8788801543e-03,
    2.5740000606e-01,   -1.3781899586e-02,    2.5740000606e-01,    1.2239899635e+01,    2.5740000606e-01,    5.3899101913e-03,
    2.5850000978e-01,   -1.6785200685e-02,    2.5850000978e-01,    1.2320799828e+01,    2.5850000978e-01,    6.5747299232e-03,
    2.5960001349e-01,   -5.9074298479e-03,    2.5960001349e-01,    1.2447699547e+01,    2.5960001349e-01,    9.9743101746e-03,
    2.6069998741e-01,    3.8697100244e-03,    2.6069998741e-01,    1.2638299942e+01,    2.6069998741e-01,   -2.5176100899e-03,
    2.6179999113e-01,   -1.2928199954e-02,    2.6179999113e-01,    1.2853699684e+01,    2.6179999113e-01,   -1.1458099820e-02,
    2.6289999485e-01,   -1.7264299095e-02,    2.6289999485e-01,    1.3042599678e+01,    2.6289999485e-01,   -1.1796499602e-02,
    2.6399999857e-01,   -1.4666800387e-02,    2.6399999857e-01,    1.3185999870e+01,    2.6399999857e-01,   -1.6186300665e-02,
    2.6510000229e-01,   -1.6979899257e-02,    2.6510000229e-01,    1.3369799614e+01,    2.6510000229e-01,   -1.2611799873e-02,
    2.6620000601e-01,   -1.0689199902e-02,    2.6620000601e-01,    1.3508700371e+01,    2.6620000601e-01,   -1.0498099960e-02,
    2.6730000973e-01,   -9.3340696767e-03,    2.6730000973e-01,    1.3677800179e+01,    2.6730000973e-01,   -1.3724099845e-02,
    2.6840001345e-01,   -7.9611595720e-03,    2.6840001345e-01,    1.3841899872e+01,    2.6840001345e-01,   -5.8837998658e-03,
    2.6949998736e-01,   -1.2928400189e-02,    2.6949998736e-01,    1.4050700188e+01,    2.6949998736e-01,   -6.9628600031e-03,
    2.7059999108e-01,   -1.1419800110e-02,    2.7059999108e-01,    1.4265299797e+01,    2.7059999108e-01,   -8.1915799528e-03,
    2.7169999480e-01,   -1.1334699579e-02,    2.7169999480e-01,    1.4416899681e+01,    2.7169999480e-01,   -8.7157804519e-03,
    2.7279999852e-01,   -1.6279099509e-02,    2.7279999852e-01,    1.4558600426e+01,    2.7279999852e-01,   -1.6574300826e-02,
    2.7390000224e-01,   -1.1766700074e-02,    2.7390000224e-01,    1.4733499527e+01,    2.7390000224e-01,   -2.6089999825e-02,
    2.7500000596e-01,   -1.5954500064e-02,    2.7500000596e-01,    1.4974800110e+01,    2.7500000596e-01,   -4.0898401290e-02,
    2.7610000968e-01,   -9.5389503986e-03,    2.7610000968e-01,    1.5254300117e+01,    2.7610000968e-01,   -4.0317401290e-02,
    2.7720001340e-01,   -1.6330899671e-02,    2.7720001340e-01,    1.5525099754e+01,    2.7720001340e-01,   -3.7680998445e-02,
    2.7829998732e-01,   -4.6956897713e-03,    2.7829998732e-01,    1.5826299667e+01,    2.7829998732e-01,   -3.3753100783e-02,
    2.7939999104e-01,   -9.5649296418e-03,    2.7939999104e-01,    1.6074499130e+01,    2.7939999104e-01,   -3.4618701786e-02,
    2.8049999475e-01,   -2.7096699923e-02,    2.8049999475e-01,    1.6232000351e+01,    2.8049999475e-01,   -3.0581900850e-02,
    2.8159999847e-01,   -1.0313699953e-02,    2.8159999847e-01,    1.6390600204e+01,    2.8159999847e-01,   -1.7295699567e-02,
    2.8270000219e-01,   -9.5506198704e-03,    2.8270000219e-01,    1.6596500397e+01,    2.8270000219e-01,   -1.1879400350e-02,
    2.8380000591e-01,   -1.2906000018e-02,    2.8380000591e-01,    1.6763900757e+01,    2.8380000591e-01,   -6.7617199384e-03,
    2.8490000963e-01,   -1.9079999998e-02,    2.8490000963e-01,    1.6898799896e+01,    2.8490000963e-01,   -5.5277100764e-03,
    2.8600001335e-01,   -1.1723199859e-02,    2.8600001335e-01,    1.6985399246e+01,    2.8600001335e-01,   -2.2213999182e-03,
    2.8709998727e-01,   -1.3311799616e-02,    2.8709998727e-01,    1.7109800339e+01,    2.8709998727e-01,   -2.2725299932e-03,
    2.8819999099e-01,   -1.5498699620e-02,    2.8819999099e-01,    1.7297300339e+01,    2.8819999099e-01,   -2.7012301143e-03,
    2.8929999471e-01,   -9.8739303648e-03,    2.8929999471e-01,    1.7422399521e+01,    2.8929999471e-01,    2.7928400785e-02,
    2.9039999843e-01,   -1.6581799835e-02,    2.9039999843e-01,    1.7555700302e+01,    2.9039999843e-01,    1.4892299660e-02,
    2.9150000215e-01,   -2.7279600501e-02,    2.9150000215e-01,    1.7693199158e+01,    2.9150000215e-01,    9.9306004122e-03,
    2.9260000587e-01,   -2.4378800765e-02,    2.9260000587e-01,    1.7817199707e+01,    2.9260000587e-01,    1.2451300398e-02,
    2.9370000958e-01,   -2.2074099630e-02,    2.9370000958e-01,    1.7963499069e+01,    2.9370000958e-01,    8.0865500495e-03,
    2.9480001330e-01,   -4.7813098878e-02,    2.9480001330e-01,    1.8074300766e+01,    2.9480001330e-01,   -8.7814399740e-04,
    2.9589998722e-01,   -3.1368501484e-02,    2.9589998722e-01,    1.8222099304e+01,    2.9589998722e-01,   -8.8245095685e-03,
    2.9699999094e-01,   -6.9720000029e-02,    2.9699999094e-01,    1.8450500488e+01,    2.9699999094e-01,   -2.0470300689e-02,
    2.9809999466e-01,   -6.2550798059e-02,    2.9809999466e-01,    1.8597299576e+01,    2.9809999466e-01,   -7.8580100089e-03,
    2.9919999838e-01,   -7.8720502555e-02,    2.9919999838e-01,    1.8781499863e+01,    2.9919999838e-01,   -1.3557500097e-05,
    3.0030000210e-01,   -6.8391799927e-02,    3.0030000210e-01,    1.8951599121e+01,    3.0030000210e-01,   -5.9977598721e-04,
    3.0140000582e-01,   -5.6002199650e-02,    3.0140000582e-01,    1.8935199738e+01,    3.0140000582e-01,    5.4823700339e-04,
    3.0250000954e-01,   -5.4837800562e-02,    3.0250000954e-01,    1.8839000702e+01,    3.0250000954e-01,    1.0753499810e-03,
    3.0360001326e-01,   -6.2104400247e-02,    3.0360001326e-01,    1.8802200317e+01,    3.0360001326e-01,    2.7487499174e-03,
    3.0469998717e-01,   -6.4410001040e-02,    3.0469998717e-01,    1.8854900360e+01,    3.0469998717e-01,   -4.6082999324e-04,
    3.0579999089e-01,   -6.3081897795e-02,    3.0579999089e-01,    1.8929599762e+01,    3.0579999089e-01,   -3.1877399888e-03,
    3.0689999461e-01,   -7.4469901621e-02,    3.0689999461e-01,    1.9006900787e+01,    3.0689999461e-01,   -6.7300498486e-03,
    3.0799999833e-01,   -5.7633299381e-02,    3.0799999833e-01,    1.9158700943e+01,    3.0799999833e-01,   -1.6344500706e-02,
    3.0910000205e-01,   -7.6876096427e-02,    3.0910000205e-01,    1.9355800629e+01,    3.0910000205e-01,   -6.0768299736e-03,
    3.1020000577e-01,   -8.8872499764e-02,    3.1020000577e-01,    1.9494300842e+01,    3.1020000577e-01,   -1.3428099919e-03,
    3.1130000949e-01,   -1.2176500261e-01,    3.1130000949e-01,    1.9712299347e+01,    3.1130000949e-01,    5.0892401487e-03,
    3.1240001321e-01,   -1.1397899687e-01,    3.1240001321e-01,    2.0035499573e+01,    3.1240001321e-01,    2.2860499099e-02,
    3.1349998713e-01,   -1.2954699993e-01,    3.1349998713e-01,    2.0479499817e+01,    3.1349998713e-01,    1.6848100349e-02,
    3.1459999084e-01,   -1.2000700086e-01,    3.1459999084e-01,    2.0922899246e+01,    3.1459999084e-01,    1.6718199477e-02,
    3.1569999456e-01,   -1.1934299767e-01,    3.1569999456e-01,    2.1384199142e+01,    3.1569999456e-01,    2.1982800215e-02,
    3.1679999828e-01,   -8.2884699106e-02,    3.1679999828e-01,    2.1892799377e+01,    3.1679999828e-01,    1.7772899941e-02,
    3.1790000200e-01,   -8.1805303693e-02,    3.1790000200e-01,    2.2373300552e+01,    3.1790000200e-01,    1.2837699614e-02,
    3.1900000572e-01,   -6.6127501428e-02,    3.1900000572e-01,    2.2767700195e+01,    3.1900000572e-01,    1.7721299082e-02,
    3.2010000944e-01,   -4.4364899397e-02,    3.2010000944e-01,    2.3269899368e+01,    3.2010000944e-01,    6.3910600729e-03,
    3.2120001316e-01,   -5.4707400501e-02,    3.2120001316e-01,    2.3878499985e+01,    3.2120001316e-01,   -1.7445400357e-02,
    3.2229998708e-01,   -3.1862698495e-02,    3.2229998708e-01,    2.4509099960e+01,    3.2229998708e-01,   -2.3433599621e-02,
    3.2339999080e-01,   -1.3733100146e-02,    3.2339999080e-01,    2.5060400009e+01,    3.2339999080e-01,   -2.1817900240e-02,
    3.2449999452e-01,   -7.0886700414e-03,    3.2449999452e-01,    2.5642299652e+01,    3.2449999452e-01,   -3.3640298992e-02,
    3.2559999824e-01,    1.4030200429e-02,    3.2559999824e-01,    2.6256700516e+01,    3.2559999824e-01,   -3.5047899932e-02,
    3.2670000196e-01,    2.6331199333e-02,    3.2670000196e-01,    2.6848199844e+01,    3.2670000196e-01,   -2.1060600877e-02,
    3.2780000567e-01,    7.8822001815e-03,    3.2780000567e-01,    2.7427200317e+01,    3.2780000567e-01,   -1.6884800047e-02,
    3.2890000939e-01,   -5.3931900766e-04,    3.2890000939e-01,    2.8120199203e+01,    3.2890000939e-01,   -2.1207299083e-02,
    3.3000001311e-01,    3.7104099989e-02,    3.3000001311e-01,    2.8735900879e+01,    3.3000001311e-01,   -3.0694799498e-02,
    3.3109998703e-01,    3.5685200244e-02,    3.3109998703e-01,    2.9252700806e+01,    3.3109998703e-01,   -3.3510200679e-02,
    3.3219999075e-01,    6.4286403358e-02,    3.3219999075e-01,    2.9772300720e+01,    3.3219999075e-01,   -1.9952699542e-02,
    3.3329999447e-01,    6.1412401497e-02,    3.3329999447e-01,    3.0219600677e+01,    3.3329999447e-01,   -1.3090499677e-02,
    3.3439999819e-01,    9.9574401975e-02,    3.3439999819e-01,    3.0617300034e+01,    3.3439999819e-01,   -8.2862200215e-03,
    3.3550000191e-01,    8.1756196916e-02,    3.3550000191e-01,    3.0982299805e+01,    3.3550000191e-01,    2.7081100270e-02,
    3.3660000563e-01,    5.9575598687e-02,    3.3660000563e-01,    3.1253000259e+01,    3.3660000563e-01,    3.9901901037e-02,
    3.3770000935e-01,    5.7234298438e-02,    3.3770000935e-01,    3.1587600708e+01,    3.3770000935e-01,    5.3653899580e-02,
    3.3880001307e-01,    4.6263698488e-02,    3.3880001307e-01,    3.1812400818e+01,    3.3880001307e-01,    6.2451198697e-02,
    3.3989998698e-01,    5.3423900157e-02,    3.3989998698e-01,    3.1985700607e+01,    3.3989998698e-01,    5.9083599597e-02,
    3.4099999070e-01,    2.3284599185e-02,    3.4099999070e-01,    3.2076499939e+01,    3.4099999070e-01,    7.1620598435e-02,
    3.4209999442e-01,   -7.2036299389e-04,    3.4209999442e-01,    3.2112598419e+01,    3.4209999442e-01,    7.8379496932e-02,
    3.4319999814e-01,   -1.8018500879e-02,    3.4319999814e-01,    3.2173400879e+01,    3.4319999814e-01,    7.6961301267e-02,
    3.4430000186e-01,   -1.6567699611e-02,    3.4430000186e-01,    3.2251701355e+01,    3.4430000186e-01,    7.4985198677e-02,
    3.4540000558e-01,   -4.1343797930e-03,    3.4540000558e-01,    3.2437099457e+01,    3.4540000558e-01,    8.1056602299e-02,
    3.4650000930e-01,   -1.9314099103e-02,    3.4650000930e-01,    3.2636699677e+01,    3.4650000930e-01,    1.0292600095e-01,
    3.4760001302e-01,   -1.8017100170e-02,    3.4760001302e-01,    3.2792499542e+01,    3.4760001302e-01,    1.0207899660e-01,
    3.4869998693e-01,   -4.0556799620e-02,    3.4869998693e-01,    3.2892501831e+01,    3.4869998693e-01,    8.3658002317e-02,
    3.4979999065e-01,   -3.4591600299e-02,    3.4979999065e-01,    3.2987300873e+01,    3.4979999065e-01,    7.4782803655e-02,
    3.5089999437e-01,   -5.9882499278e-02,    3.5089999437e-01,    3.3174499512e+01,    3.5089999437e-01,    7.6137803495e-02,
    3.5199999809e-01,   -3.4947101027e-02,    3.5199999809e-01,    3.3381000519e+01,    3.5199999809e-01,    7.0326402783e-02,
    3.5310000181e-01,   -2.3244399577e-02,    3.5310000181e-01,    3.3517398834e+01,    3.5310000181e-01,    3.7528600544e-02,
    3.5420000553e-01,   -1.9164800644e-02,    3.5420000553e-01,    3.3607299805e+01,    3.5420000553e-01,    2.3989100009e-02,
    3.5530000925e-01,   -1.5446700156e-02,    3.5530000925e-01,    3.3658298492e+01,    3.5530000925e-01,    2.3661000654e-02,
    3.5640001297e-01,   -2.8082800563e-03,    3.5640001297e-01,    3.3763401031e+01,    3.5640001297e-01,    2.0293800160e-02,
    3.5749998689e-01,   -1.6899099573e-02,    3.5749998689e-01,    3.3828800201e+01,    3.5749998689e-01,    2.5448700413e-02,
    3.5859999061e-01,    6.2234601937e-03,    3.5859999061e-01,    3.3880298615e+01,    3.5859999061e-01,    4.2499601841e-02,
    3.5969999433e-01,    2.6104699355e-03,    3.5969999433e-01,    3.4139999390e+01,    3.5969999433e-01,    6.3371397555e-02,
    3.6079999804e-01,    3.0287599657e-03,    3.6079999804e-01,    3.4366298676e+01,    3.6079999804e-01,    8.1364601851e-02,
    3.6190000176e-01,    4.5545600355e-02,    3.6190000176e-01,    3.4440101624e+01,    3.6190000176e-01,    8.0871999264e-02,
    3.6300000548e-01,    6.6209502518e-02,    3.6300000548e-01,    3.4519298553e+01,    3.6300000548e-01,    9.2271499336e-02,
    3.6410000920e-01,    3.8809899241e-02,    3.6410000920e-01,    3.4645000458e+01,    3.6410000920e-01,    9.6228599548e-02,
    3.6520001292e-01,    4.8936400563e-02,    3.6520001292e-01,    3.4939800262e+01,    3.6520001292e-01,    8.5010603070e-02,
    3.6629998684e-01,    2.8760600835e-02,    3.6629998684e-01,    3.5170398712e+01,    3.6629998684e-01,    6.6089101136e-02,
    3.6739999056e-01,    3.0770000070e-02,    3.6739999056e-01,    3.5476299286e+01,    3.6739999056e-01,    4.2396098375e-02,
    3.6849999428e-01,    1.8717899919e-02,    3.6849999428e-01,    3.5754299164e+01,    3.6849999428e-01,    1.2926500291e-02,
    3.6959999800e-01,    4.8273399472e-02,    3.6959999800e-01,    3.5975898743e+01,    3.6959999800e-01,    5.0869300030e-03,
    3.7070000172e-01,    5.2567999810e-02,    3.7070000172e-01,    3.6162300110e+01,    3.7070000172e-01,   -2.5857800618e-02,
    3.7180000544e-01,    5.9275301173e-03,    3.7180000544e-01,    3.6345100403e+01,    3.7180000544e-01,   -3.5610500723e-02,
    3.7290000916e-01,   -4.0291598998e-03,    3.7290000916e-01,    3.6573200226e+01,    3.7290000916e-01,   -4.4188499451e-02,
    3.7400001287e-01,   -2.5078700855e-02,    3.7400001287e-01,    3.6632900238e+01,    3.7400001287e-01,   -4.9595098943e-02,
    3.7509998679e-01,    2.4564599618e-02,    3.7509998679e-01,    3.6717201233e+01,    3.7509998679e-01,   -5.0488200039e-02,
    3.7619999051e-01,    7.5564101338e-02,    3.7619999051e-01,    3.6863800049e+01,    3.7619999051e-01,   -4.7291200608e-02,
    3.7729999423e-01,    1.3931499422e-01,    3.7729999423e-01,    3.6935199738e+01,    3.7729999423e-01,   -7.6845303178e-02,
    3.7839999795e-01,    1.4254300296e-01,    3.7839999795e-01,    3.7024398804e+01,    3.7839999795e-01,   -8.4288701415e-02,
    3.7950000167e-01,    7.3539100587e-02,    3.7950000167e-01,    3.7212398529e+01,    3.7950000167e-01,   -8.3116300404e-02,
    3.8060000539e-01,    1.1099500209e-01,    3.8060000539e-01,    3.7554901123e+01,    3.8060000539e-01,   -8.2378096879e-02,
    3.8170000911e-01,    9.8020702600e-02,    3.8170000911e-01,    3.7882999420e+01,    3.8170000911e-01,   -5.5844500661e-02,
    3.8280001283e-01,    1.1213800311e-01,    3.8280001283e-01,    3.8248298645e+01,    3.8280001283e-01,   -6.7745700479e-02,
    3.8389998674e-01,    9.5135301352e-02,    3.8389998674e-01,    3.8815399170e+01,    3.8389998674e-01,   -6.2871396542e-02,
    3.8499999046e-01,    1.2199299783e-01,    3.8499999046e-01,    3.9314098358e+01,    3.8499999046e-01,   -5.3395301104e-02,
    3.8609999418e-01,    1.0745599866e-01,    3.8609999418e-01,    3.9910701752e+01,    3.8609999418e-01,   -7.2528697550e-02,
    3.8719999790e-01,    1.0707599670e-01,    3.8719999790e-01,    4.0364299774e+01,    3.8719999790e-01,   -8.0273799598e-02,
    3.8830000162e-01,    1.4750200510e-01,    3.8830000162e-01,    4.0858398438e+01,    3.8830000162e-01,   -7.5427502394e-02,
    3.8940000534e-01,    1.6665400565e-01,    3.8940000534e-01,    4.1219200134e+01,    3.8940000534e-01,   -4.3425898999e-02,
    3.9050000906e-01,    2.1110099554e-01,    3.9050000906e-01,    4.1632499695e+01,    3.9050000906e-01,   -3.8818001747e-02,
    3.9160001278e-01,    2.0221099257e-01,    3.9160001278e-01,    4.1822299957e+01,    3.9160001278e-01,   -3.6959201097e-02,
    3.9269998670e-01,    2.6195600629e-01,    3.9269998670e-01,    4.1955299377e+01,    3.9269998670e-01,   -6.7694298923e-04,
    3.9379999042e-01,    2.4317599833e-01,    3.9379999042e-01,    4.2159599304e+01,    3.9379999042e-01,   -4.8869098537e-03,
    3.9489999413e-01,    2.0638400316e-01,    3.9489999413e-01,    4.2636199951e+01,    3.9489999413e-01,    2.6701999828e-02,
    3.9599999785e-01,    1.7534899712e-01,    3.9599999785e-01,    4.2902099609e+01,    3.9599999785e-01,    2.3229399696e-02,
    3.9710000157e-01,    1.8648199737e-01,    3.9710000157e-01,    4.3021999359e+01,    3.9710000157e-01,    4.1951000690e-02,
    3.9820000529e-01,    1.9569900632e-01,    3.9820000529e-01,    4.3275901794e+01,    3.9820000529e-01,    5.2618801594e-02,
    3.9930000901e-01,    1.6874599457e-01,    3.9930000901e-01,    4.3407699585e+01,    3.9930000901e-01,    1.7478000373e-02,
    4.0040001273e-01,    1.8683600426e-01,    4.0040001273e-01,    4.3731399536e+01,    4.0040001273e-01,    2.8582699597e-02,
    4.0149998665e-01,    1.9706000388e-01,    4.0149998665e-01,    4.3917598724e+01,    4.0149998665e-01,    3.1559400260e-02,
    4.0259999037e-01,    1.7020100355e-01,    4.0259999037e-01,    4.4047698975e+01,    4.0259999037e-01,    9.8764896393e-03,
    4.0369999409e-01,    1.8783600628e-01,    4.0369999409e-01,    4.3993198395e+01,    4.0369999409e-01,    2.4139400572e-02,
    4.0479999781e-01,    1.6355100274e-01,    4.0479999781e-01,    4.4152400970e+01,    4.0479999781e-01,    6.5725701861e-03,
    4.0590000153e-01,    1.3236099482e-01,    4.0590000153e-01,    4.4351600647e+01,    4.0590000153e-01,   -2.9649499804e-02,
    4.0700000525e-01,    1.5772500634e-01,    4.0700000525e-01,    4.4409099579e+01,    4.0700000525e-01,   -1.4274399728e-02,
    4.0810000896e-01,    1.9542300701e-01,    4.0810000896e-01,    4.4500198364e+01,    4.0810000896e-01,   -4.2934298515e-02,
    4.0920001268e-01,    2.2436499596e-01,    4.0920001268e-01,    4.4611000061e+01,    4.0920001268e-01,   -9.5387101173e-02,
    4.1029998660e-01,    1.9509500265e-01,    4.1029998660e-01,    4.4839900970e+01,    4.1029998660e-01,   -1.1540099978e-01,
    4.1139999032e-01,    1.9045199454e-01,    4.1139999032e-01,    4.4859199524e+01,    4.1139999032e-01,   -1.4631399512e-01,
    4.1249999404e-01,    2.0744299889e-01,    4.1249999404e-01,    4.4868499756e+01,    4.1249999404e-01,   -1.5742300451e-01,
    4.1359999776e-01,    1.9333100319e-01,    4.1359999776e-01,    4.4848201752e+01,    4.1359999776e-01,   -1.6685600579e-01,
    4.1470000148e-01,    1.8266700208e-01,    4.1470000148e-01,    4.4942699432e+01,    4.1470000148e-01,   -1.7770999670e-01,
    4.1580000520e-01,    1.4397299290e-01,    4.1580000520e-01,    4.5088001251e+01,    4.1580000520e-01,   -1.5042699873e-01,
    4.1690000892e-01,    1.9277699292e-01,    4.1690000892e-01,    4.5275001526e+01,    4.1690000892e-01,   -1.2282700092e-01,
    4.1800001264e-01,    1.8683399260e-01,    4.1800001264e-01,    4.5470401764e+01,    4.1800001264e-01,   -1.0032500327e-01,
    4.1909998655e-01,    1.9200100005e-01,    4.1909998655e-01,    4.5553298950e+01,    4.1909998655e-01,   -1.2962000072e-01,
    4.2019999027e-01,    1.9604000449e-01,    4.2019999027e-01,    4.5722698212e+01,    4.2019999027e-01,   -1.0039799660e-01,
    4.2129999399e-01,    1.5864799917e-01,    4.2129999399e-01,    4.5547100067e+01,    4.2129999399e-01,   -1.1805800349e-01,
    4.2239999771e-01,    1.9333100319e-01,    4.2239999771e-01,    4.5597499847e+01,    4.2239999771e-01,   -1.1874199659e-01,
    4.2350000143e-01,    1.8348200619e-01,    4.2350000143e-01,    4.5499000549e+01,    4.2350000143e-01,   -1.1973000318e-01,
    4.2460000515e-01,    2.4593000114e-01,    4.2460000515e-01,    4.5639301300e+01,    4.2460000515e-01,   -1.2833200395e-01,
    4.2570000887e-01,    2.2727699578e-01,    4.2570000887e-01,    4.5519798279e+01,    4.2570000887e-01,   -8.8577203453e-02,
    4.2680001259e-01,    2.8112098575e-01,    4.2680001259e-01,    4.5631900787e+01,    4.2680001259e-01,   -1.0329300165e-01,
    4.2789998651e-01,    2.7109599113e-01,    4.2789998651e-01,    4.5413398743e+01,    4.2789998651e-01,   -6.3873797655e-02,
    4.2899999022e-01,    2.8392699361e-01,    4.2899999022e-01,    4.5201301575e+01,    4.2899999022e-01,   -2.4573799223e-02,
    4.3009999394e-01,    3.5373899341e-01,    4.3009999394e-01,    4.4902099609e+01,    4.3009999394e-01,   -1.6036899760e-02,
    4.3119999766e-01,    3.6550399661e-01,    4.3119999766e-01,    4.4881500244e+01,    4.3119999766e-01,    4.3646502309e-03,
    4.3230000138e-01,    3.7326401472e-01,    4.3230000138e-01,    4.4855499268e+01,    4.3230000138e-01,   -3.1414499972e-03,
    4.3340000510e-01,    3.4641999006e-01,    4.3340000510e-01,    4.4793098450e+01,    4.3340000510e-01,    1.5780499205e-02,
    4.3450000882e-01,    3.4921601415e-01,    4.3450000882e-01,    4.5239898682e+01,    4.3450000882e-01,    7.8135095537e-03,
    4.3560001254e-01,    2.9690200090e-01,    4.3560001254e-01,    4.5419200897e+01,    4.3560001254e-01,    3.2917200588e-03,
    4.3669998646e-01,    3.0970001221e-01,    4.3669998646e-01,    4.6209098816e+01,    4.3669998646e-01,    1.1684699915e-02,
    4.3779999018e-01,    2.8150001168e-01,    4.3779999018e-01,    4.6500000000e+01,    4.3779999018e-01,   -3.3185700886e-03,
    4.3889999390e-01,    2.6719999313e-01,    4.3889999390e-01,    4.7233200073e+01,    4.3889999390e-01,   -2.6107199490e-02,
    4.3999999762e-01,    2.1487499774e-01,    4.3999999762e-01,    4.7388000488e+01,    4.3999999762e-01,   -1.3535600156e-02,
    4.4110000134e-01,    1.8293899298e-01,    4.4110000134e-01,    4.7767501831e+01,    4.4110000134e-01,   -2.3474300280e-02,
    4.4220000505e-01,    2.2492299974e-01,    4.4220000505e-01,    4.7992900848e+01,    4.4220000505e-01,   -3.1073499471e-02,
    4.4330000877e-01,    1.3441200554e-01,    4.4330000877e-01,    4.8023399353e+01,    4.4330000877e-01,   -3.8841798902e-02,
    4.4440001249e-01,    9.4946302474e-02,    4.4440001249e-01,    4.8160400391e+01,    4.4440001249e-01,   -5.0988998264e-02,
    4.4549998641e-01,    2.9991799966e-02,    4.4549998641e-01,    4.7731098175e+01,    4.4549998641e-01,   -5.7072501630e-02,
    4.4659999013e-01,    1.4444399625e-02,    4.4659999013e-01,    4.7918899536e+01,    4.4659999013e-01,   -2.9977800325e-02,
    4.4769999385e-01,    6.2107201666e-02,    4.4769999385e-01,    4.7631099701e+01,    4.4769999385e-01,   -4.0360100567e-02,
    4.4879999757e-01,    2.5013100356e-02,    4.4879999757e-01,    4.8532100677e+01,    4.4879999757e-01,   -2.0727800205e-02,
    4.4990000129e-01,    8.4318101406e-02,    4.4990000129e-01,    4.7773498535e+01,    4.4990000129e-01,   -9.9115697667e-03,
    4.5100000501e-01,   -6.8659298122e-02,    4.5100000501e-01,    4.8353500366e+01,    4.5100000501e-01,   -3.6109599750e-03,
    4.5210000873e-01,    1.2965099886e-02,    4.5210000873e-01,    4.8407699585e+01,    4.5210000873e-01,    3.7097200751e-02,
    4.5320001245e-01,   -1.5837399662e-01,    4.5320001245e-01,    4.9208099365e+01,    4.5320001245e-01,    1.1014399678e-01,
    4.5429998636e-01,   -4.2274400592e-02,    4.5429998636e-01,    4.9843799591e+01,    4.5429998636e-01,    1.2419799715e-01,
    4.5539999008e-01,   -1.7700099945e-01,    4.5539999008e-01,    5.0447399139e+01,    4.5539999008e-01,    1.5610800683e-01,
    4.5649999380e-01,   -1.0779599845e-01,    4.5649999380e-01,    5.1404800415e+01,    4.5649999380e-01,    2.4411900342e-01,
    4.5759999752e-01,   -1.3740600646e-01,    4.5759999752e-01,    5.1245800018e+01,    4.5759999752e-01,    2.4529500306e-01,
    4.5870000124e-01,   -1.3427700102e-01,    4.5870000124e-01,    5.2519599915e+01,    4.5870000124e-01,    2.5164398551e-01,
    4.5980000496e-01,   -1.3107599318e-01,    4.5980000496e-01,    5.1843399048e+01,    4.5980000496e-01,    2.5431799889e-01,
    4.6090000868e-01,   -2.1515600383e-01,    4.6090000868e-01,    5.3013900757e+01,    4.6090000868e-01,    1.8542900681e-01,
    4.6200001240e-01,   -1.3445900381e-01,    4.6200001240e-01,    5.2316101074e+01,    4.6200001240e-01,    2.1983399987e-01,
    4.6309998631e-01,   -2.5205799937e-01,    4.6309998631e-01,    5.3333000183e+01,    4.6309998631e-01,    1.8151700497e-01,
    4.6419999003e-01,   -1.7167900503e-01,    4.6419999003e-01,    5.2551799774e+01,    4.6419999003e-01,    1.6346700490e-01,
    4.6529999375e-01,   -3.7010100484e-01,    4.6529999375e-01,    5.2865299225e+01,    4.6529999375e-01,    1.6001099348e-01,
    4.6639999747e-01,   -3.1473699212e-01,    4.6639999747e-01,    5.2876300812e+01,    4.6639999747e-01,    1.0227999836e-01,
    4.6750000119e-01,   -3.9598301053e-01,    4.6750000119e-01,    5.2281101227e+01,    4.6750000119e-01,    1.0574699938e-01,
    4.6860000491e-01,   -3.9287701249e-01,    4.6860000491e-01,    5.3101600647e+01,    4.6860000491e-01,    6.1762001365e-02,
    4.6970000863e-01,   -3.8913300633e-01,    4.6970000863e-01,    5.1534900665e+01,    4.6970000863e-01,    9.1189697385e-02,
    4.7080001235e-01,   -4.6109700203e-01,    4.7080001235e-01,    5.3610500336e+01,    4.7080001235e-01,   -2.5951599237e-03,
    4.7189998627e-01,   -3.4405198693e-01,    4.7189998627e-01,    5.1640701294e+01,    4.7189998627e-01,   -3.9395499974e-02,
    4.7299998999e-01,   -5.1634800434e-01,    4.7299998999e-01,    5.4330898285e+01,    4.7299998999e-01,   -1.3517400622e-01,
    4.7409999371e-01,   -3.1451898813e-01,    4.7409999371e-01,    5.1842998505e+01,    4.7409999371e-01,   -9.9768497050e-02,
    4.7519999743e-01,   -4.9187800288e-01,    4.7519999743e-01,    5.3946998596e+01,    4.7519999743e-01,   -1.5869699419e-01,
    4.7630000114e-01,   -2.6425799727e-01,    4.7630000114e-01,    5.2395198822e+01,    4.7630000114e-01,   -1.1823499948e-01,
    4.7740000486e-01,   -5.9381800890e-01,    4.7740000486e-01,    5.3344600677e+01,    4.7740000486e-01,   -1.2740999460e-01,
    4.7850000858e-01,   -2.5553101301e-01,    4.7850000858e-01,    5.3766601563e+01,    4.7850000858e-01,   -1.3849900663e-01,
    4.7960001230e-01,   -4.9929100275e-01,    4.7960001230e-01,    5.2418701172e+01,    4.7960001230e-01,   -7.1182399988e-02,
    4.8069998622e-01,   -2.7679899335e-01,    4.8069998622e-01,    5.5166999817e+01,    4.8069998622e-01,   -1.1565999687e-01,
    4.8179998994e-01,   -3.1569299102e-01,    4.8179998994e-01,    5.0995399475e+01,    4.8179998994e-01,   -6.4599901438e-02,
    4.8289999366e-01,   -3.6915200949e-01,    4.8289999366e-01,    5.6222499847e+01,    4.8289999366e-01,   -1.2985999882e-01,
    4.8399999738e-01,   -1.7178699374e-01,    4.8399999738e-01,    4.9910701752e+01,    4.8399999738e-01,   -5.8031998575e-02,
    4.8510000110e-01,   -5.1781100035e-01,    4.8510000110e-01,    5.6498901367e+01,    4.8510000110e-01,   -9.4631798565e-02,
    4.8620000482e-01,    6.4808599651e-02,    4.8620000482e-01,    4.9834598541e+01,    4.8620000482e-01,    5.6898701005e-03,
    4.8730000854e-01,   -7.1278697252e-01,    4.8730000854e-01,    5.5696300507e+01,    4.8730000854e-01,   -9.6640296280e-02,
    4.8840001225e-01,    1.0154200345e-01,    4.8840001225e-01,    5.1217899323e+01,    4.8840001225e-01,    1.2574999593e-02,
    4.8949998617e-01,   -9.8580700159e-01,    4.8949998617e-01,    5.5230899811e+01,    4.8949998617e-01,   -3.9293900132e-02,
    4.9059998989e-01,    1.6567799449e-01,    4.9059998989e-01,    5.4078300476e+01,    4.9059998989e-01,   -2.1762300283e-02,
    4.9169999361e-01,   -1.1285899878e+00,    4.9169999361e-01,    5.4316200256e+01,    4.9169999361e-01,   -5.0573900342e-02,
    4.9279999733e-01,    3.2681599259e-01,    4.9279999733e-01,    5.6085998535e+01,    4.9279999733e-01,   -5.2037298679e-02,
    4.9390000105e-01,   -1.0551099777e+00,    4.9390000105e-01,    5.2679500580e+01,    4.9390000105e-01,   -2.7627900243e-02,
    4.9500000477e-01,    4.5680999756e-01,    4.9500000477e-01,    5.7577598572e+01,    4.9500000477e-01,   -1.0122600198e-01,
    4.9610000849e-01,   -8.8156199455e-01,    4.9610000849e-01,    5.1347198486e+01,    4.9610000849e-01,    2.2504499182e-02,
    4.9720001221e-01,    4.3333899975e-01,    4.9720001221e-01,    5.8954399109e+01,    4.9720001221e-01,   -8.2523398101e-02,
    4.9829998612e-01,   -6.8911099434e-01,    4.9829998612e-01,    5.0943000793e+01,    4.9829998612e-01,    2.9493600130e-02,
    4.9939998984e-01,    1.8378999829e-01,    4.9939998984e-01,    6.0288501740e+01,    4.9939998984e-01,   -1.3340699673e-01,
    5.0050002337e-01,   -2.5079798698e-01,    5.0050002337e-01,    5.0874500275e+01,    5.0050002337e-01,   -2.7856700122e-02,
    5.0160002708e-01,   -3.2440701127e-01,    5.0160002708e-01,    6.0342899323e+01,    5.0160002708e-01,   -1.1596000195e-01,
    5.0269997120e-01,    5.1234501600e-01,    5.0269997120e-01,    5.1412700653e+01,    5.0269997120e-01,   -9.1585896909e-02,
    5.0379997492e-01,   -1.0088800192e+00,    5.0379997492e-01,    5.9435001373e+01,    5.0379997492e-01,   -9.6335597336e-02,
    5.0489997864e-01,    1.4506499767e+00,    5.0489997864e-01,    5.2270500183e+01,    5.0489997864e-01,   -1.0155400261e-02,
    5.0599998236e-01,   -1.9885499477e+00,    5.0599998236e-01,    5.7696601868e+01,    5.0599998236e-01,   -6.7023500800e-02,
    5.0709998608e-01,    2.3137700558e+00,    5.0709998608e-01,    5.4001399994e+01,    5.0709998608e-01,    2.5041799992e-02,
    5.0819998980e-01,   -2.8186199665e+00,    5.0819998980e-01,    5.5847599030e+01,    5.0819998980e-01,   -1.1131200008e-02,
    5.0929999352e-01,    2.8219499588e+00,    5.0929999352e-01,    5.6055000305e+01,    5.0929999352e-01,   -3.5981301218e-02,
    5.1039999723e-01,   -3.4621899128e+00,    5.1039999723e-01,    5.4073501587e+01,    5.1039999723e-01,   -2.4530500174e-02,
    5.1150000095e-01,    2.9036400318e+00,    5.1150000095e-01,    5.7739700317e+01,    5.1150000095e-01,   -7.8326202929e-02,
    5.1260000467e-01,   -3.8057401180e+00,    5.1260000467e-01,    5.2306800842e+01,    5.1260000467e-01,   -1.0661099851e-01,
    5.1370000839e-01,    2.6607999802e+00,    5.1370000839e-01,    5.9025798798e+01,    5.1370000839e-01,   -7.2460301220e-02,
    5.1480001211e-01,   -3.1043798923e+00,    5.1480001211e-01,    5.0576599121e+01,    5.1480001211e-01,   -1.1917100102e-01,
    5.1590001583e-01,    2.1397399902e+00,    5.1590001583e-01,    5.9701599121e+01,    5.1590001583e-01,   -1.3056699932e-01,
    5.1700001955e-01,   -2.0513899326e+00,    5.1700001955e-01,    5.0009899139e+01,    5.1700001955e-01,   -4.2447000742e-02,
    5.1810002327e-01,    1.1936099529e+00,    5.1810002327e-01,    6.0577400208e+01,    5.1810002327e-01,   -1.0454200208e-01,
    5.1920002699e-01,   -2.2011800110e-01,    5.1920002699e-01,    5.1387298584e+01,    5.1920002699e-01,   -8.4649898112e-02,
    5.2029997110e-01,   -4.6408000588e-01,    5.2029997110e-01,    6.1071399689e+01,    5.2029997110e-01,    2.1580500528e-02,
    5.2139997482e-01,    2.0233800411e+00,    5.2139997482e-01,    5.3295501709e+01,    5.2139997482e-01,   -1.1082799733e-01,
    5.2249997854e-01,   -2.5748200417e+00,    5.2249997854e-01,    6.0862098694e+01,    5.2249997854e-01,    1.0303100199e-01,
    5.2359998226e-01,    4.2492699623e+00,    5.2359998226e-01,    5.5884700775e+01,    5.2359998226e-01,   -7.6393000782e-02,
    5.2469998598e-01,   -4.6558899879e+00,    5.2469998598e-01,    5.9962898254e+01,    5.2469998598e-01,    8.0148100853e-02,
    5.2579998970e-01,    5.9781498909e+00,    5.2579998970e-01,    5.8920501709e+01,    5.2579998970e-01,   -2.2998299450e-02,
    5.2689999342e-01,   -6.2189698219e+00,    5.2689999342e-01,    5.8762500763e+01,    5.2689999342e-01,    7.6200097799e-02,
    5.2799999714e-01,    6.7280302048e+00,    5.2799999714e-01,    6.2142299652e+01,    5.2799999714e-01,    1.3484700024e-01,
    5.2910000086e-01,   -6.7235798836e+00,    5.2910000086e-01,    5.8033298492e+01,    5.2910000086e-01,    2.4185400456e-02,
    5.3020000458e-01,    6.4598698616e+00,    5.3020000458e-01,    6.4851303101e+01,    5.3020000458e-01,    1.6687299311e-01,
    5.3130000830e-01,   -5.9659099579e+00,    5.3130000830e-01,    5.7326301575e+01,    5.3130000830e-01,    9.4144098461e-02,
    5.3240001202e-01,    5.3266201019e+00,    5.3240001202e-01,    6.6597503662e+01,    5.3240001202e-01,   -4.7879401245e-04,
    5.3350001574e-01,   -3.8845698833e+00,    5.3350001574e-01,    5.7337501526e+01,    5.3350001574e-01,    1.1571499705e-01,
    5.3460001945e-01,    3.3655099869e+00,    5.3460001945e-01,    6.7524398804e+01,    5.3460001945e-01,   -1.0317099839e-01,
    5.3570002317e-01,   -6.0926002264e-01,    5.3570002317e-01,    5.7787200928e+01,    5.3570002317e-01,    9.9432699382e-02,
    5.3680002689e-01,    4.4112101197e-01,    5.3680002689e-01,    6.7178703308e+01,    5.3680002689e-01,   -7.5815796852e-02,
    5.3789997101e-01,    3.3497500420e+00,    5.3789997101e-01,    5.8805900574e+01,    5.3789997101e-01,   -4.7630500048e-02,
    5.3899997473e-01,   -3.1311399937e+00,    5.3899997473e-01,    6.6476799011e+01,    5.3899997473e-01,    6.8656697869e-02,
    5.4009997845e-01,    7.0748801231e+00,    5.4009997845e-01,    6.1511699677e+01,    5.4009997845e-01,   -6.9458402693e-02,
    5.4119998217e-01,   -6.6670699120e+00,    5.4119998217e-01,    6.5683197021e+01,    5.4119998217e-01,    1.3236199319e-01,
    5.4229998589e-01,    9.6734600067e+00,    5.4229998589e-01,    6.3859199524e+01,    5.4229998589e-01,   -1.3948299922e-02,
    5.4339998960e-01,   -9.2352800369e+00,    5.4339998960e-01,    6.3555301666e+01,    5.4339998960e-01,    1.1319100112e-01,
    5.4449999332e-01,    1.0557700157e+01,    5.4449999332e-01,    6.5851501465e+01,    5.4449999332e-01,   -5.5591698736e-02,
    5.4559999704e-01,   -1.0244500160e+01,    5.4559999704e-01,    6.1512100220e+01,    5.4559999704e-01,    1.3652500510e-01,
    5.4670000076e-01,    9.6617097855e+00,    5.4670000076e-01,    6.7022499084e+01,    5.4670000076e-01,   -2.7360099554e-01,
    5.4780000448e-01,   -8.8491096497e+00,    5.4780000448e-01,    5.9879100800e+01,    5.4780000448e-01,    2.1523099393e-02,
    5.4890000820e-01,    7.2188100815e+00,    5.4890000820e-01,    6.7692497253e+01,    5.4890000820e-01,   -2.5198200345e-01,
    5.5000001192e-01,   -5.3862500191e+00,    5.5000001192e-01,    5.9290401459e+01,    5.5000001192e-01,   -1.3010799885e-01,
    5.5110001564e-01,    3.3763298988e+00,    5.5110001564e-01,    6.7808296204e+01,    5.5110001564e-01,   -1.1896099895e-01,
    5.5220001936e-01,   -3.5062798858e-01,    5.5220001936e-01,    5.9559398651e+01,    5.5220001936e-01,   -2.0998699963e-01,
    5.5330002308e-01,   -1.4726099968e+00,    5.5330002308e-01,    6.7215797424e+01,    5.5330002308e-01,   -9.3566201627e-02,
    5.5440002680e-01,    5.1839900017e+00,    5.5440002680e-01,    6.0553199768e+01,    5.5440002680e-01,   -2.3383200169e-01,
    5.5549997091e-01,   -6.6540598869e+00,    5.5549997091e-01,    6.6174102783e+01,    5.5549997091e-01,   -6.3482902944e-02,
    5.5659997463e-01,    1.0069999695e+01,    5.5659997463e-01,    6.2869400024e+01,    5.5659997463e-01,   -5.7767901570e-02,
    5.5769997835e-01,   -1.1434900284e+01,    5.5769997835e-01,    6.5274902344e+01,    5.5769997835e-01,   -5.9673398733e-02,
    5.5879998207e-01,    1.2942999840e+01,    5.5879998207e-01,    6.5147499084e+01,    5.5879998207e-01,    6.9214902818e-02,
    5.5989998579e-01,   -1.4264300346e+01,    5.5989998579e-01,    6.3439498901e+01,    5.5989998579e-01,   -1.3328500092e-02,
    5.6099998951e-01,    1.3273900032e+01,    5.6099998951e-01,    6.6932899475e+01,    5.6099998951e-01,    1.0203299671e-01,
    5.6209999323e-01,   -1.4043399811e+01,    5.6209999323e-01,    6.1758598328e+01,    5.6209999323e-01,    1.1691699736e-02,
    5.6319999695e-01,    1.0939100266e+01,    5.6319999695e-01,    6.7544502258e+01,    5.6319999695e-01,    8.7468802929e-02,
    5.6430000067e-01,   -1.0337400436e+01,    5.6430000067e-01,    6.0688201904e+01,    5.6430000067e-01,    5.1269598305e-02,
    5.6540000439e-01,    6.4492301941e+00,    5.6540000439e-01,    6.7758796692e+01,    5.6540000439e-01,    1.1050699651e-01,
    5.6650000811e-01,   -4.2373399734e+00,    5.6650000811e-01,    6.0994400024e+01,    5.6650000811e-01,    1.2261100113e-01,
    5.6760001183e-01,    4.8500999808e-01,    5.6760001183e-01,    6.8112899780e+01,    5.6760001183e-01,    1.6960099339e-01,
    5.6870001554e-01,    3.0848701000e+00,    5.6870001554e-01,    6.2158401489e+01,    5.6870001554e-01,    7.2885602713e-02,
    5.6980001926e-01,   -6.1221599579e+00,    5.6980001926e-01,    6.7682098389e+01,    5.6980001926e-01,    1.3835200667e-01,
    5.7090002298e-01,    1.0183400154e+01,    5.7090002298e-01,    6.3692001343e+01,    5.7090002298e-01,    1.8849299848e-01,
    5.7200002670e-01,   -1.2037300110e+01,    5.7200002670e-01,    6.6857200623e+01,    5.7200002670e-01,    5.9641700238e-02,
    5.7309997082e-01,    1.5093600273e+01,    5.7309997082e-01,    6.6124298096e+01,    5.7309997082e-01,    1.6738800704e-01,
    5.7419997454e-01,   -1.6121599197e+01,    5.7419997454e-01,    6.6096603394e+01,    5.7419997454e-01,    8.3512403071e-03,
    5.7529997826e-01,    1.6760099411e+01,    5.7529997826e-01,    6.8343498230e+01,    5.7529997826e-01,    2.0031200349e-01,
    5.7639998198e-01,   -1.6976600647e+01,    5.7639998198e-01,    6.5273803711e+01,    5.7639998198e-01,   -6.3705399632e-02,
    5.7749998569e-01,    1.4856900215e+01,    5.7749998569e-01,    6.9885803223e+01,    5.7749998569e-01,    1.8576100469e-01,
    5.7859998941e-01,   -1.3732500076e+01,    5.7859998941e-01,    6.4896400452e+01,    5.7859998941e-01,   -2.5259200484e-02,
    5.7969999313e-01,    1.0032899857e+01,    5.7969999313e-01,    7.0450202942e+01,    5.7969999313e-01,    1.4234499633e-01,
    5.8079999685e-01,   -6.9594202042e+00,    5.8079999685e-01,    6.5184898376e+01,    5.8079999685e-01,    8.3898298442e-02,
    5.8190000057e-01,    3.1126799583e+00,    5.8190000057e-01,    7.0960899353e+01,    5.8190000057e-01,    8.7226897478e-02,
    5.8300000429e-01,    1.6031700373e+00,    5.8300000429e-01,    6.5861801147e+01,    5.8300000429e-01,    1.0924399644e-01,
    5.8410000801e-01,   -4.8491902351e+00,    5.8410000801e-01,    7.0668601990e+01,    5.8410000801e-01,   -1.9861500710e-02,
    5.8520001173e-01,    9.8004398346e+00,    5.8520001173e-01,    6.7172500610e+01,    5.8520001173e-01,    7.3280200362e-02,
    5.8630001545e-01,   -1.2527299881e+01,    5.8630001545e-01,    7.0671096802e+01,    5.8630001545e-01,   -2.9128101468e-01,
    5.8740001917e-01,    1.6160100937e+01,    5.8740001917e-01,    6.9103103638e+01,    5.8740001917e-01,    6.2619499862e-02,
    5.8850002289e-01,   -1.8292600632e+01,    5.8850002289e-01,    6.9728996277e+01,    5.8850002289e-01,   -4.7235599160e-01,
    5.8960002661e-01,    1.9191200256e+01,    5.8960002661e-01,    6.9411399841e+01,    5.8960002661e-01,    2.6360100135e-02,
    5.9069997072e-01,   -2.0235399246e+01,    5.9069997072e-01,    6.7987899780e+01,    5.9069997072e-01,   -5.2352499962e-01,
    5.9179997444e-01,    1.8038099289e+01,    5.9179997444e-01,    7.0107398987e+01,    5.9179997444e-01,   -4.5137301087e-02,
    5.9289997816e-01,   -1.7485700607e+01,    5.9289997816e-01,    6.6559600830e+01,    5.9289997816e-01,   -4.7962599993e-01,
    5.9399998188e-01,    1.3113100052e+01,    5.9399998188e-01,    7.0513603210e+01,    5.9399998188e-01,    7.9058900476e-02,
    5.9509998560e-01,   -1.0823300362e+01,    5.9509998560e-01,    6.6673698425e+01,    5.9509998560e-01,   -2.8106999397e-01,
    5.9619998932e-01,    5.7396101952e+00,    5.9619998932e-01,    7.1026901245e+01,    5.9619998932e-01,    5.0432398915e-02,
    5.9729999304e-01,   -2.1021699905e+00,    5.9729999304e-01,    6.6656303406e+01,    5.9729999304e-01,   -1.0799200088e-01,
    5.9839999676e-01,   -2.6526799202e+00,    5.9839999676e-01,    7.0404602051e+01,    5.9839999676e-01,   -1.4182500541e-01,
    5.9950000048e-01,    7.1845102310e+00,    5.9950000048e-01,    6.7172698975e+01,    5.9950000048e-01,    5.0188399851e-02,
    6.0060000420e-01,   -1.1453599930e+01,    6.0060000420e-01,    6.9806602478e+01,    6.0060000420e-01,   -3.2286900282e-01,
    6.0170000792e-01,    1.5354700089e+01,    6.0170000792e-01,    6.7630699158e+01,    6.0170000792e-01,    1.0763999820e-01,
    6.0280001163e-01,   -1.8495199203e+01,    6.0280001163e-01,    6.8695503235e+01,    6.0280001163e-01,   -5.0332999229e-01,
    6.0390001535e-01,    2.0314599991e+01,    6.0390001535e-01,    6.7963897705e+01,    6.0390001535e-01,    2.7417400852e-02,
    6.0500001907e-01,   -2.2178600311e+01,    6.0500001907e-01,    6.7702102661e+01,    6.0500001907e-01,   -4.7192800045e-01,
    6.0610002279e-01,    2.1009599686e+01,    6.0610002279e-01,    6.8862098694e+01,    6.0610002279e-01,    9.0728096664e-02,
    6.0720002651e-01,   -2.1247699738e+01,    6.0720002651e-01,    6.7166801453e+01,    6.0720002651e-01,   -3.8224598765e-01,
    6.0829997063e-01,    1.7429500580e+01,    6.0829997063e-01,    6.9010803223e+01,    6.0829997063e-01,    1.1281999946e-01,
    6.0939997435e-01,   -1.5779600143e+01,    6.0939997435e-01,    6.6515800476e+01,    6.0939997435e-01,   -2.5053399801e-01,
    6.1049997807e-01,    1.0228099823e+01,    6.1049997807e-01,    6.9202102661e+01,    6.1049997807e-01,    7.4302703142e-02,
    6.1159998178e-01,   -7.2000298500e+00,    6.1159998178e-01,    6.6017700195e+01,    6.1159998178e-01,   -2.2767299414e-01,
    6.1269998550e-01,    1.2788599730e+00,    6.1269998550e-01,    6.8758598328e+01,    6.1269998550e-01,    5.7246301323e-02,
    6.1379998922e-01,    2.8597400188e+00,    6.1379998922e-01,    6.5750503540e+01,    6.1379998922e-01,   -8.8507898152e-02,
    6.1489999294e-01,   -8.2347297668e+00,    6.1489999294e-01,    6.8095703125e+01,    6.1489999294e-01,   -1.9179600477e-01,
    6.1599999666e-01,    1.2324000359e+01,    6.1599999666e-01,    6.5963996887e+01,    6.1599999666e-01,    6.6102303565e-02,
    6.1710000038e-01,   -1.6635499954e+01,    6.1710000038e-01,    6.7409202576e+01,    6.1710000038e-01,   -3.9152699709e-01,
    6.1820000410e-01,    1.9435400009e+01,    6.1820000410e-01,    6.6245101929e+01,    6.1820000410e-01,    1.7487600446e-02,
    6.1930000782e-01,   -2.2623500824e+01,    6.1930000782e-01,    6.6951400757e+01,    6.1930000782e-01,   -5.6313598156e-01,
    6.2040001154e-01,    2.2401699066e+01,    6.2040001154e-01,    6.7619300842e+01,    6.2040001154e-01,   -3.2162100077e-02,
    6.2150001526e-01,   -2.4193099976e+01,    6.2150001526e-01,    6.7640502930e+01,    6.2150001526e-01,   -6.1910998821e-01,
    6.2260001898e-01,    2.0984100342e+01,    6.2260001898e-01,    6.8847999573e+01,    6.2260001898e-01,   -1.8888999522e-01,
    6.2370002270e-01,   -2.0947299957e+01,    6.2370002270e-01,    6.7368598938e+01,    6.2370002270e-01,   -5.4110097885e-01,
    6.2480002642e-01,    1.5239899635e+01,    6.2480002642e-01,    6.9222999573e+01,    6.2480002642e-01,    4.6946100891e-02,
    6.2589997053e-01,   -1.3303299904e+01,    6.2589997053e-01,    6.7231498718e+01,    6.2589997053e-01,   -4.0373098850e-01,
    6.2699997425e-01,    6.9132800102e+00,    6.2699997425e-01,    7.0066398621e+01,    6.2699997425e-01,   -7.1659497917e-02,
    6.2809997797e-01,   -3.4049599171e+00,    6.2809997797e-01,    6.8431198120e+01,    6.2809997797e-01,   -6.4929299057e-02,
    6.2919998169e-01,   -2.8951199055e+00,    6.2919998169e-01,    7.0902801514e+01,    6.2919998169e-01,   -8.8796898723e-02,
    6.3029998541e-01,    7.0668501854e+00,    6.3029998541e-01,    6.8422096252e+01,    6.3029998541e-01,    7.4762396514e-02,
    6.3139998913e-01,   -1.2624699593e+01,    6.3139998913e-01,    6.9376998901e+01,    6.3139998913e-01,   -3.5836100578e-01,
    6.3249999285e-01,    1.6303199768e+01,    6.3249999285e-01,    6.7875000000e+01,    6.3249999285e-01,    7.3056697845e-02,
    6.3359999657e-01,   -2.0974599838e+01,    6.3359999657e-01,    6.8113998413e+01,    6.3359999657e-01,   -5.1535201073e-01,
    6.3470000029e-01,    2.2127199173e+01,    6.3470000029e-01,    6.7935600281e+01,    6.3470000029e-01,   -1.5123200417e-01,
    6.3580000401e-01,   -2.5152299881e+01,    6.3580000401e-01,    6.7465698242e+01,    6.3580000401e-01,   -4.1880100965e-01,
    6.3690000772e-01,    2.3825599670e+01,    6.3690000772e-01,    6.8722000122e+01,    6.3690000772e-01,   -8.8667199016e-02,
    6.3800001144e-01,   -2.4797000885e+01,    6.3800001144e-01,    6.7560302734e+01,    6.3800001144e-01,   -2.0204399526e-01,
    6.3910001516e-01,    2.1052099228e+01,    6.3910001516e-01,    6.9731101990e+01,    6.3910001516e-01,    1.0298699886e-01,
    6.4020001888e-01,   -2.0344600677e+01,    6.4020001888e-01,    6.7709098816e+01,    6.4020001888e-01,    2.9137099162e-02,
    6.4130002260e-01,    1.4100000381e+01,    6.4130002260e-01,    7.0420700073e+01,    6.4130002260e-01,    2.1207199991e-01,
    6.4240002632e-01,   -1.1653200150e+01,    6.4240002632e-01,    6.7791801453e+01,    6.4240002632e-01,    2.2404199839e-01,
    6.4349997044e-01,    4.5635700226e+00,    6.4349997044e-01,    7.0065597534e+01,    6.4349997044e-01,    1.6526100039e-01,
    6.4459997416e-01,   -1.2017999887e+00,    6.4459997416e-01,    6.7275802612e+01,    6.4459997416e-01,    2.9704499245e-01,
    6.4569997787e-01,   -5.7407097816e+00,    6.4569997787e-01,    6.9096000671e+01,    6.4569997787e-01,    2.1467000246e-02,
    6.4679998159e-01,    9.5425796509e+00,    6.4679998159e-01,    6.6897300720e+01,    6.4679998159e-01,    1.9109299779e-01,
    6.4789998531e-01,   -1.5476200104e+01,    6.4789998531e-01,    6.8432701111e+01,    6.4789998531e-01,   -1.8474000692e-01,
    6.4899998903e-01,    1.8192699432e+01,    6.4899998903e-01,    6.6982696533e+01,    6.4899998903e-01,    2.3395200074e-01,
    6.5009999275e-01,   -2.2890899658e+01,    6.5009999275e-01,    6.7811203003e+01,    6.5009999275e-01,   -1.9215700030e-01,
    6.5119999647e-01,    2.3593099594e+01,    6.5119999647e-01,    6.7605400085e+01,    6.5119999647e-01,    9.0775601566e-02,
    6.5230000019e-01,   -2.6455200195e+01,    6.5230000019e-01,    6.7813003540e+01,    6.5230000019e-01,   -2.6745998859e-01,
    6.5340000391e-01,    2.4554700851e+01,    6.5340000391e-01,    6.8129203796e+01,    6.5340000391e-01,   -1.2932799757e-02,
    6.5450000763e-01,   -2.5053800583e+01,    6.5450000763e-01,    6.7711502075e+01,    6.5450000763e-01,   -4.4018900394e-01,
    6.5560001135e-01,    2.0712900162e+01,    6.5560001135e-01,    6.9016296387e+01,    6.5560001135e-01,   -1.3244000077e-01,
    6.5670001507e-01,   -1.9029800415e+01,    6.5670001507e-01,    6.7605201721e+01,    6.5670001507e-01,   -3.2829898596e-01,
    6.5780001879e-01,    1.2895199776e+01,    6.5780001879e-01,    7.0087997437e+01,    6.5780001879e-01,   -2.8438499570e-01,
    6.5890002251e-01,   -9.0058202744e+00,    6.5890002251e-01,    6.7525596619e+01,    6.5890002251e-01,   -2.1372100711e-01,
    6.6000002623e-01,    2.6701400280e+00,    6.6000002623e-01,    7.0251899719e+01,    6.6000002623e-01,   -3.5949799418e-01,
    6.6109997034e-01,    2.1927099228e+00,    6.6109997034e-01,    6.7991600037e+01,    6.6109997034e-01,   -2.5831401348e-01,
    6.6219997406e-01,   -8.3279800415e+00,    6.6219997406e-01,    7.0423202515e+01,    6.6219997406e-01,   -2.8692901134e-01,
    6.6329997778e-01,    1.3340299606e+01,    6.6329997778e-01,    6.8534698486e+01,    6.6329997778e-01,   -2.1365700662e-01,
    6.6439998150e-01,   -1.8670299530e+01,    6.6439998150e-01,    6.9793197632e+01,    6.6439998150e-01,   -3.4201100469e-01,
    6.6549998522e-01,    2.2014699936e+01,    6.6549998522e-01,    6.8508796692e+01,    6.6549998522e-01,    5.9758398682e-02,
    6.6659998894e-01,   -2.5768299103e+01,    6.6659998894e-01,    6.8841201782e+01,    6.6659998894e-01,   -5.9891498089e-01,
    6.6769999266e-01,    2.6345800400e+01,    6.6769999266e-01,    6.7890502930e+01,    6.6769999266e-01,    1.3524399698e-01,
    6.6879999638e-01,   -2.8280899048e+01,    6.6879999638e-01,    6.7566299438e+01,    6.6879999638e-01,   -4.7579699755e-01,
    6.6990000010e-01,    2.6068399429e+01,    6.6990000010e-01,    6.8249496460e+01,    6.6990000010e-01,    8.3538100123e-02,
    6.7100000381e-01,   -2.5856000900e+01,    6.7100000381e-01,    6.7777000427e+01,    6.7100000381e-01,   -5.6218099594e-01,
    6.7210000753e-01,    2.1195400238e+01,    6.7210000753e-01,    6.9294403076e+01,    6.7210000753e-01,    9.1775201261e-02,
    6.7320001125e-01,   -1.9309700012e+01,    6.7320001125e-01,    6.7831901550e+01,    6.7320001125e-01,   -2.6749899983e-01,
    6.7430001497e-01,    1.2437999725e+01,    6.7430001497e-01,    7.0047096252e+01,    6.7430001497e-01,   -3.1746599823e-02,
    6.7540001869e-01,   -8.7187099457e+00,    6.7540001869e-01,    6.7587303162e+01,    6.7540001869e-01,   -1.2711699307e-01,
    6.7650002241e-01,    1.1113899946e+00,    6.7650002241e-01,    7.0418502808e+01,    6.7650002241e-01,   -2.6447099447e-01,
    6.7760002613e-01,    3.0334100723e+00,    6.7760002613e-01,    6.8507698059e+01,    6.7760002613e-01,    1.4055900276e-01,
    6.7869997025e-01,   -1.0555500031e+01,    6.7869997025e-01,    7.1392898560e+01,    6.7869997025e-01,   -3.1174600124e-01,
    6.7979997396e-01,    1.4773900032e+01,    6.7979997396e-01,    7.0299697876e+01,    6.7979997396e-01,    3.5557699203e-01,
    6.8089997768e-01,   -2.1042999268e+01,    6.8089997768e-01,    7.2650199890e+01,    6.8089997768e-01,   -3.9961299300e-01,
    6.8199998140e-01,    2.3958999634e+01,    6.8199998140e-01,    7.2731201172e+01,    6.8199998140e-01,    3.4128001332e-01,
    6.8309998512e-01,   -2.8101600647e+01,    6.8309998512e-01,    7.4465797424e+01,    6.8309998512e-01,   -5.6927800179e-01,
    6.8419998884e-01,    2.8797500610e+01,    6.8419998884e-01,    7.5423896790e+01,    6.8419998884e-01,    3.7039700896e-02,
    6.8529999256e-01,   -3.1052400589e+01,    6.8529999256e-01,    7.5807899475e+01,    6.8529999256e-01,   -5.9798502922e-01,
    6.8639999628e-01,    2.8334899902e+01,    6.8639999628e-01,    7.7223197937e+01,    6.8639999628e-01,   -1.3889500499e-01,
    6.8750000000e-01,   -2.8385400772e+01,    6.8750000000e-01,    7.6899497986e+01,    6.8750000000e-01,   -4.6958899498e-01,
    6.8860000372e-01,    2.3029800415e+01,    6.8860000372e-01,    7.9278396606e+01,    6.8860000372e-01,   -1.8214899302e-01,
    6.8970000744e-01,   -2.1154199600e+01,    6.8970000744e-01,    7.7113197327e+01,    6.8970000744e-01,   -3.9904800057e-01,
    6.9080001116e-01,    1.4186800003e+01,    6.9080001116e-01,    7.9908897400e+01,    6.9080001116e-01,   -2.0430900622e-03,
    6.9190001488e-01,   -9.7821798325e+00,    6.9190001488e-01,    7.6102401733e+01,    6.9190001488e-01,   -4.7850199044e-02,
    6.9300001860e-01,    2.5400800705e+00,    6.9300001860e-01,    7.8585296631e+01,    6.9300001860e-01,   -3.0475598574e-01,
    6.9410002232e-01,    3.0584700108e+00,    6.9410002232e-01,    7.5584701538e+01,    6.9410002232e-01,    9.8356500268e-02,
    6.9520002604e-01,   -9.7588300705e+00,    6.9520002604e-01,    7.7587799072e+01,    6.9520002604e-01,   -3.3946898580e-01,
    6.9630002975e-01,    1.5163100243e+01,    6.9630002975e-01,    7.6027397156e+01,    6.9630002975e-01,    2.9546299949e-02,
    6.9739997387e-01,   -2.0563899994e+01,    6.9739997387e-01,    7.6393501282e+01,    6.9739997387e-01,   -2.2066399455e-01,
    6.9849997759e-01,    2.4520500183e+01,    6.9849997759e-01,    7.6368499756e+01,    6.9849997759e-01,    1.2127800286e-01,
    6.9959998131e-01,   -2.8160699844e+01,    6.9959998131e-01,    7.6554199219e+01,    6.9959998131e-01,   -2.1722799540e-01,
    7.0069998503e-01,    3.0080200195e+01,    7.0069998503e-01,    7.6637603760e+01,    7.0069998503e-01,    1.9543200731e-01,
    7.0179998875e-01,   -3.1069700241e+01,    7.0179998875e-01,    7.6232200623e+01,    7.0179998875e-01,   -2.6267901063e-01,
    7.0289999247e-01,    3.0683900833e+01,    7.0289999247e-01,    7.6653800964e+01,    7.0289999247e-01,    4.8657599092e-01,
    7.0399999619e-01,   -2.9308599472e+01,    7.0399999619e-01,    7.4849998474e+01,    7.0399999619e-01,   -3.7640098482e-02,
    7.0509999990e-01,    2.6184600830e+01,    7.0509999990e-01,    7.5800300598e+01,    7.0509999990e-01,    6.0969501734e-01,
    7.0620000362e-01,   -2.2313800812e+01,    7.0620000362e-01,    7.2434097290e+01,    7.0620000362e-01,    1.1337599903e-01,
    7.0730000734e-01,    1.7370100021e+01,    7.0730000734e-01,    7.4123001099e+01,    7.0730000734e-01,    5.3056597710e-01,
    7.0840001106e-01,   -1.1462800026e+01,    7.0840001106e-01,    7.0610496521e+01,    7.0840001106e-01,    3.2344299555e-01,
    7.0950001478e-01,    5.7462902069e+00,    7.0950001478e-01,    7.3579299927e+01,    7.0950001478e-01,    4.3218898773e-01,
    7.1060001850e-01,    1.1069099903e+00,    7.1060001850e-01,    7.1296798706e+01,    7.1060001850e-01,    5.6425899267e-01,
    7.1170002222e-01,   -7.1004300117e+00,    7.1170002222e-01,    7.3951797485e+01,    7.1170002222e-01,    2.1440699697e-01,
    7.1280002594e-01,    1.3606599808e+01,    7.1280002594e-01,    7.2610603333e+01,    7.1280002594e-01,    4.3376299739e-01,
    7.1390002966e-01,   -1.8876899719e+01,    7.1390002966e-01,    7.3634101868e+01,    7.1390002966e-01,    4.8374501057e-03,
    7.1499997377e-01,    2.3921199799e+01,    7.1499997377e-01,    7.2837303162e+01,    7.1499997377e-01,    2.9916098714e-01,
    7.1609997749e-01,   -2.7805099487e+01,    7.1609997749e-01,    7.2913803101e+01,    7.1609997749e-01,   -5.8829199523e-02,
    7.1719998121e-01,    3.0279899597e+01,    7.1719998121e-01,    7.2771400452e+01,    7.1719998121e-01,    4.0682101250e-01,
    7.1829998493e-01,   -3.2744899750e+01,    7.1829998493e-01,    7.2801803589e+01,    7.1829998493e-01,   -2.5618198514e-01,
    7.1939998865e-01,    3.2307399750e+01,    7.1939998865e-01,    7.3211402893e+01,    7.1939998865e-01,    5.2294498682e-01,
    7.2049999237e-01,   -3.3105998993e+01,    7.2049999237e-01,    7.2058097839e+01,    7.2049999237e-01,   -2.6186099648e-01,
    7.2159999609e-01,    2.9779100418e+01,    7.2159999609e-01,    7.3018302917e+01,    7.2159999609e-01,    5.3277802467e-01,
    7.2269999981e-01,   -2.8614900589e+01,    7.2269999981e-01,    7.0856002808e+01,    7.2269999981e-01,   -1.5071199834e-01,
    7.2380000353e-01,    2.2586900711e+01,    7.2380000353e-01,    7.1991500854e+01,    7.2380000353e-01,    4.1414600611e-01,
    7.2490000725e-01,   -1.9605300903e+01,    7.2490000725e-01,    6.9383300781e+01,    7.2490000725e-01,    9.9414803088e-02,
    7.2600001097e-01,    1.2225600243e+01,    7.2600001097e-01,    7.1010902405e+01,    7.2600001097e-01,    2.1102699637e-01,
    7.2710001469e-01,   -8.3827104568e+00,    7.2710001469e-01,    6.8706596375e+01,    7.2710001469e-01,    2.1469800174e-01,
    7.2820001841e-01,    2.4221199751e-01,    7.2820001841e-01,    7.0052696228e+01,    7.2820001841e-01,    4.4137101620e-02,
    7.2930002213e-01,    4.0805401802e+00,    7.2930002213e-01,    6.8775001526e+01,    7.2930002213e-01,    3.0411401391e-01,
    7.3040002584e-01,   -1.2000100136e+01,    7.3040002584e-01,    6.9647903442e+01,    7.3040002584e-01,   -3.3947399259e-01,
    7.3150002956e-01,    1.6185400009e+01,    7.3150002956e-01,    6.9156097412e+01,    7.3150002956e-01,    1.8850000203e-01,
    7.3259997368e-01,   -2.2902500153e+01,    7.3259997368e-01,    6.9006103516e+01,    7.3259997368e-01,   -2.1683099866e-01,
    7.3369997740e-01,    2.5788700104e+01,    7.3369997740e-01,    6.8398002625e+01,    7.3369997740e-01,    3.3551499248e-02,
    7.3479998112e-01,   -3.0364400864e+01,    7.3479998112e-01,    6.8396697998e+01,    7.3479998112e-01,   -2.6834401488e-01,
    7.3589998484e-01,    3.2123401642e+01,    7.3589998484e-01,    6.9831100464e+01,    7.3589998484e-01,    7.0677801967e-02,
    7.3699998856e-01,   -3.4818901062e+01,    7.3699998856e-01,    6.9093902588e+01,    7.3699998856e-01,   -2.1353399754e-01,
    7.3809999228e-01,    3.4644699097e+01,    7.3809999228e-01,    7.1199897766e+01,    7.3809999228e-01,    6.5945096314e-02,
    7.3919999599e-01,   -3.5501899719e+01,    7.3919999599e-01,    6.9516197205e+01,    7.3919999599e-01,   -1.1124599725e-01,
    7.4029999971e-01,    3.3652999878e+01,    7.4029999971e-01,    7.2546798706e+01,    7.4029999971e-01,    1.1282499880e-01,
    7.4140000343e-01,   -3.2513500214e+01,    7.4140000343e-01,    7.0480903625e+01,    7.4140000343e-01,    7.9453997314e-02,
    7.4250000715e-01,    2.8826200485e+01,    7.4250000715e-01,    7.4020301819e+01,    7.4250000715e-01,    1.2216000259e-01,
    7.4360001087e-01,   -2.6719900131e+01,    7.4360001087e-01,    7.1282096863e+01,    7.4360001087e-01,    9.6355602145e-03,
    7.4470001459e-01,    2.1249500275e+01,    7.4470001459e-01,    7.4767196655e+01,    7.4470001459e-01,    7.0809997618e-02,
    7.4580001831e-01,   -1.8478599548e+01,    7.4580001831e-01,    7.1585899353e+01,    7.4580001831e-01,    2.0342199504e-01,
    7.4690002203e-01,    1.2226900101e+01,    7.4690002203e-01,    7.4031898499e+01,    7.4690002203e-01,   -1.6991299391e-01,
    7.4800002575e-01,   -8.6729402542e+00,    7.4800002575e-01,    7.0394302368e+01,    7.4800002575e-01,    2.0237000287e-01,
    7.4910002947e-01,    1.8187099695e+00,    7.4910002947e-01,    7.3866302490e+01,    7.4910002947e-01,   -2.6110601425e-01,
    7.5019997358e-01,    1.3475500345e+00,    7.5019997358e-01,    7.0576896667e+01,    7.5019997358e-01,    1.0271299630e-01,
    7.5129997730e-01,   -8.3837499619e+00,    7.5129997730e-01,    7.3664398193e+01,    7.5129997730e-01,   -7.6968800277e-03,
    7.5239998102e-01,    1.1193699837e+01,    7.5239998102e-01,    7.1438301086e+01,    7.5239998102e-01,   -2.3505699635e-01,
    7.5349998474e-01,   -1.7666599274e+01,    7.5349998474e-01,    7.3089401245e+01,    7.5349998474e-01,    1.2999400496e-01,
    7.5459998846e-01,    1.9105499268e+01,    7.5459998846e-01,    7.0609001160e+01,    7.5459998846e-01,   -6.3378000259e-01,
    7.5569999218e-01,   -2.4654100418e+01,    7.5569999218e-01,    7.2377502441e+01,    7.5569999218e-01,    1.2019199878e-01,
    7.5679999590e-01,    2.5615900040e+01,    7.5679999590e-01,    7.1696296692e+01,    7.5679999590e-01,   -5.6320899725e-01,
    7.5789999962e-01,   -3.0250299454e+01,    7.5789999962e-01,    7.3084098816e+01,    7.5789999962e-01,    2.0366699994e-01,
    7.5900000334e-01,    3.0324800491e+01,    7.5900000334e-01,    7.3117401123e+01,    7.5900000334e-01,   -6.3251000643e-01,
    7.6010000706e-01,   -3.4083000183e+01,    7.6010000706e-01,    7.3988403320e+01,    7.6010000706e-01,    2.1248599887e-01,
    7.6120001078e-01,    3.3069198608e+01,    7.6120001078e-01,    7.4536102295e+01,    7.6120001078e-01,   -4.3683901429e-01,
    7.6230001450e-01,   -3.6329601288e+01,    7.6230001450e-01,    7.4903701782e+01,    7.6230001450e-01,    5.3532600403e-02,
    7.6340001822e-01,    3.4580898285e+01,    7.6340001822e-01,    7.6721397400e+01,    7.6340001822e-01,   -2.3117800057e-01,
    7.6450002193e-01,   -3.6627399445e+01,    7.6450002193e-01,    7.6135803223e+01,    7.6450002193e-01,   -8.2317501307e-02,
    7.6560002565e-01,    3.3860500336e+01,    7.6560002565e-01,    7.8448799133e+01,    7.6560002565e-01,   -9.3615300953e-02,
    7.6670002937e-01,   -3.5345901489e+01,    7.6670002937e-01,    7.6486701965e+01,    7.6670002937e-01,   -2.0576499403e-01,
    7.6779997349e-01,    3.1950799942e+01,    7.6779997349e-01,    7.9893402100e+01,    7.6779997349e-01,   -2.5757100433e-02,
    7.6889997721e-01,   -3.2615798950e+01,    7.6889997721e-01,    7.6836097717e+01,    7.6889997721e-01,   -1.2411600351e-01,
    7.6999998093e-01,    2.8978700638e+01,    7.6999998093e-01,    8.0324302673e+01,    7.6999998093e-01,   -1.5902500600e-02,
    7.7109998465e-01,   -2.8939300537e+01,    7.7109998465e-01,    7.5228897095e+01,    7.7109998465e-01,   -1.9458399713e-01,
    7.7219998837e-01,    2.6065099716e+01,    7.7219998837e-01,    7.9369598389e+01,    7.7219998837e-01,    2.0980599523e-01,
    7.7329999208e-01,   -2.4681800842e+01,    7.7329999208e-01,    7.4065101624e+01,    7.7329999208e-01,   -1.4761899412e-01,
    7.7439999580e-01,    2.1733999252e+01,    7.7439999580e-01,    7.9413497925e+01,    7.7439999580e-01,    1.7119100690e-01,
    7.7549999952e-01,   -2.0961799622e+01,    7.7549999952e-01,    7.2989700317e+01,    7.7549999952e-01,   -3.9599899203e-02,
    7.7660000324e-01,    1.7974899292e+01,    7.7660000324e-01,    7.9108299255e+01,    7.7660000324e-01,    9.4393603504e-02,
    7.7770000696e-01,   -1.7379400253e+01,    7.7770000696e-01,    7.3115798950e+01,    7.7770000696e-01,    3.2951898873e-02,
    7.7880001068e-01,    1.4622099876e+01,    7.7880001068e-01,    7.9859100342e+01,    7.7880001068e-01,   -2.5342900772e-03,
    7.7990001440e-01,   -1.3561699867e+01,    7.7990001440e-01,    7.4268898010e+01,    7.7990001440e-01,   -1.1429099739e-01,
    7.8100001812e-01,    1.1777000427e+01,    7.8100001812e-01,    8.1241699219e+01,    7.8100001812e-01,    2.7887099981e-01,
    7.8210002184e-01,   -1.0838199615e+01,    7.8210002184e-01,    7.4890098572e+01,    7.8210002184e-01,   -2.5595700741e-01,
    7.8320002556e-01,    9.1069402695e+00,    7.8320002556e-01,    8.1386299133e+01,    7.8320002556e-01,    4.6255299449e-01,
    7.8430002928e-01,   -7.8203802109e+00,    7.8430002928e-01,    7.4814598083e+01,    7.8430002928e-01,   -3.9656901360e-01,
    7.8539997339e-01,    7.0062999725e+00,    7.8539997339e-01,    8.1431701660e+01,    7.8539997339e-01,    6.9574898481e-01,
    7.8649997711e-01,   -5.1416702271e+00,    7.8649997711e-01,    7.3911499023e+01,    7.8649997711e-01,   -2.5081101060e-01,
    7.8759998083e-01,    6.1688699722e+00,    7.8759998083e-01,    8.0185401917e+01,    7.8759998083e-01,    5.9180402756e-01,
    7.8869998455e-01,   -3.7396199703e+00,    7.8869998455e-01,    7.1508003235e+01,    7.8869998455e-01,   -1.2629300356e-02,
    7.8979998827e-01,    4.9841299057e+00,    7.8979998827e-01,    7.8158599854e+01,    7.8979998827e-01,    3.8495400548e-01,
    7.9089999199e-01,   -3.2819099426e+00,    7.9089999199e-01,    7.0354400635e+01,    7.9089999199e-01,    1.9333200157e-01,
    7.9199999571e-01,    5.1834502220e+00,    7.9199999571e-01,    7.7020401001e+01,    7.9199999571e-01,    2.3975800723e-02,
    7.9309999943e-01,   -2.3075199127e+00,    7.9309999943e-01,    6.8629096985e+01,    7.9309999943e-01,    4.0806201100e-01,
    7.9420000315e-01,    6.1091299057e+00,    7.9420000315e-01,    7.5492401123e+01,    7.9420000315e-01,   -2.8324000537e-02,
    7.9530000687e-01,   -2.3882400990e+00,    7.9530000687e-01,    6.6292800903e+01,    7.9530000687e-01,    3.2473400235e-01,
    7.9640001059e-01,    6.6764001846e+00,    7.9640001059e-01,    7.3852401733e+01,    7.9640001059e-01,   -7.0628598332e-02,
    7.9750001431e-01,   -3.3527300358e+00,    7.9750001431e-01,    6.4639198303e+01,    7.9750001431e-01,    1.5297300182e-02,
    7.9860001802e-01,    7.6467099190e+00,    7.9860001802e-01,    7.2214302063e+01,    7.9860001802e-01,    1.4032399654e-01,
    7.9970002174e-01,   -4.9617900848e+00,    7.9970002174e-01,    6.3388198853e+01,    7.9970002174e-01,   -2.0064599812e-01,
    8.0080002546e-01,    9.4339199066e+00,    8.0080002546e-01,    7.2513999939e+01,    8.0080002546e-01,    4.2891100049e-01,
    8.0190002918e-01,   -7.3282399178e+00,    8.0190002918e-01,    6.3682800293e+01,    8.0190002918e-01,   -3.2920199633e-01,
    8.0299997330e-01,    1.1284099579e+01,    8.0299997330e-01,    7.3952796936e+01,    8.0299997330e-01,    1.2881900370e-01,
    8.0409997702e-01,   -9.8182201385e+00,    8.0409997702e-01,    6.5129402161e+01,    8.0409997702e-01,   -3.3682501316e-01,
    8.0519998074e-01,    1.4666600227e+01,    8.0519998074e-01,    7.5719497681e+01,    8.0519998074e-01,    1.4244499616e-02,
    8.0629998446e-01,   -1.2440799713e+01,    8.0629998446e-01,    6.6751800537e+01,    8.0629998446e-01,   -1.3449899852e-01,
    8.0739998817e-01,    1.7157300949e+01,    8.0739998817e-01,    7.6392799377e+01,    8.0739998817e-01,    2.3092399538e-01,
    8.0849999189e-01,   -1.5248900414e+01,    8.0849999189e-01,    6.6701499939e+01,    8.0849999189e-01,   -1.0867200047e-01,
    8.0959999561e-01,    1.8622699738e+01,    8.0959999561e-01,    7.7823402405e+01,    8.0959999561e-01,    2.1386499703e-01,
    8.1069999933e-01,   -1.7896999359e+01,    8.1069999933e-01,    6.6900001526e+01,    8.1069999933e-01,    2.0421299338e-01,
    8.1180000305e-01,    2.2949699402e+01,    8.1180000305e-01,    7.6177597046e+01,    8.1180000305e-01,    8.2835197449e-02,
    8.1290000677e-01,   -2.0691699982e+01,    8.1290000677e-01,    6.5083602905e+01,    8.1290000677e-01,    6.2240600586e-02,
    8.1400001049e-01,    2.6618799210e+01,    8.1400001049e-01,    7.4547897339e+01,    8.1400001049e-01,   -2.2805300355e-01,
    8.1510001421e-01,   -2.3239000320e+01,    8.1510001421e-01,    6.5121696472e+01,    8.1510001421e-01,    9.0817898512e-02,
    8.1620001793e-01,    2.8708900452e+01,    8.1620001793e-01,    7.4096801758e+01,    8.1620001793e-01,   -1.2186300009e-01,
    8.1730002165e-01,   -2.5286399841e+01,    8.1730002165e-01,    6.5187301636e+01,    8.1730002165e-01,   -2.9489200562e-02,
    8.1840002537e-01,    3.2197700500e+01,    8.1840002537e-01,    7.2718902588e+01,    8.1840002537e-01,    5.6485000998e-02,
    8.1950002909e-01,   -2.7056299210e+01,    8.1950002909e-01,    6.5126602173e+01,    8.1950002909e-01,   -1.3874199986e-01,
    8.2059997320e-01,    3.3497898102e+01,    8.2059997320e-01,    7.0549697876e+01,    8.2059997320e-01,    1.3204400241e-01,
    8.2169997692e-01,   -2.7178800583e+01,    8.2169997692e-01,    6.5889396667e+01,    8.2169997692e-01,   -1.2668000162e-01,
    8.2279998064e-01,    3.3126399994e+01,    8.2279998064e-01,    7.0005203247e+01,    8.2279998064e-01,    1.2961600721e-01,
    8.2389998436e-01,   -2.6970500946e+01,    8.2389998436e-01,    6.6882797241e+01,    8.2389998436e-01,    9.2495597899e-02,
    8.2499998808e-01,    3.2510799408e+01,    8.2499998808e-01,    6.8350700378e+01,    8.2499998808e-01,   -7.1509800851e-02,
    8.2609999180e-01,   -2.4631099701e+01,    8.2609999180e-01,    6.6998199463e+01,    8.2609999180e-01,    2.2578999400e-02,
    8.2719999552e-01,    2.9797700882e+01,    8.2719999552e-01,    6.7094596863e+01,    8.2719999552e-01,    3.3118799329e-02,
    8.2829999924e-01,   -2.1212200165e+01,    8.2829999924e-01,    6.7700996399e+01,    8.2829999924e-01,   -1.2184300274e-01,
    8.2940000296e-01,    2.5034599304e+01,    8.2940000296e-01,    6.6781501770e+01,    8.2940000296e-01,    4.7298401594e-02,
    8.3050000668e-01,   -1.7172899246e+01,    8.3050000668e-01,    6.9553703308e+01,    8.3050000668e-01,   -1.1681699753e-01,
    8.3160001040e-01,    1.9896900177e+01,    8.3160001040e-01,    6.7392402649e+01,    8.3160001040e-01,   -1.3215200044e-02,
    8.3270001411e-01,   -1.0920399666e+01,    8.3270001411e-01,    7.1231399536e+01,    8.3270001411e-01,   -2.2133399546e-01,
    8.3380001783e-01,    1.3175000191e+01,    8.3380001783e-01,    6.8217597961e+01,    8.3380001783e-01,   -1.3541099429e-01,
    8.3490002155e-01,   -3.7615199089e+00,    8.3490002155e-01,    7.2820396423e+01,    8.3490002155e-01,   -4.2813000083e-01,
    8.3600002527e-01,    6.1081600189e+00,    8.3600002527e-01,    6.8992401123e+01,    8.3600002527e-01,   -3.5945501179e-02,
    8.3710002899e-01,    2.8557600975e+00,    8.3710002899e-01,    7.4272903442e+01,    8.3710002899e-01,   -3.1034499407e-01,
    8.3819997311e-01,   -5.4629498720e-01,    8.3819997311e-01,    6.9401199341e+01,    8.3819997311e-01,   -1.7033199966e-01,
    8.3929997683e-01,    1.0905200005e+01,    8.3929997683e-01,    7.5161003113e+01,    8.3929997683e-01,   -4.2759698629e-01,
    8.4039998055e-01,   -7.6881198883e+00,    8.4039998055e-01,    6.8761497498e+01,    8.4039998055e-01,   -2.0161999762e-01,
    8.4149998426e-01,    1.8154100418e+01,    8.4149998426e-01,    7.5592399597e+01,    8.4149998426e-01,   -5.1355600357e-01,
    8.4259998798e-01,   -1.4688500404e+01,    8.4259998798e-01,    6.8580299377e+01,    8.4259998798e-01,   -1.1452700198e-01,
    8.4369999170e-01,    2.4532199860e+01,    8.4369999170e-01,    7.4701797485e+01,    8.4369999170e-01,   -6.6608297825e-01,
    8.4479999542e-01,   -2.0642299652e+01,    8.4479999542e-01,    6.5033599854e+01,    8.4479999542e-01,   -6.8421601318e-03,
    8.4589999914e-01,    2.8419200897e+01,    8.4589999914e-01,    7.2191200256e+01,    8.4589999914e-01,   -5.0000298023e-01,
