power_W,speed_mm_s,focus_depth_um,absorptivity,T_peak_K,haz_radius_um,penetration_depth_um,throughput_proxy,kerf_quality,above_damage_thr,below_melt
5.0,100.0,50.0,0.25,615.248018626143,0.0,0.0,100.0,0.0,False,True
5.0,100.0,50.0,0.35,741.3472260766001,0.0,0.0,100.0,0.0,False,True
5.0,100.0,50.0,0.45,867.4464335270573,0.0,0.0,100.0,0.0,False,True
5.0,100.0,75.0,0.25,615.248018626143,0.0,0.0,100.0,0.0,False,True
5.0,100.0,75.0,0.35,741.3472260766001,0.0,0.0,100.0,0.0,False,True
5.0,100.0,75.0,0.45,867.4464335270573,0.0,0.0,100.0,0.0,False,True
5.0,100.0,100.0,0.25,615.248018626143,0.0,0.0,100.0,0.0,False,True
5.0,100.0,100.0,0.35,741.3472260766001,0.0,0.0,100.0,0.0,False,True
5.0,100.0,100.0,0.45,867.4464335270573,0.0,0.0,100.0,0.0,False,True
5.0,100.0,125.0,0.25,615.248018626143,0.0,0.0,100.0,0.0,False,True
5.0,100.0,125.0,0.35,741.3472260766001,0.0,0.0,100.0,0.0,False,True
5.0,100.0,125.0,0.45,867.4464335270573,0.0,0.0,100.0,0.0,False,True
5.0,100.0,150.0,0.25,615.248018626143,0.0,0.0,100.0,0.0,False,True
5.0,100.0,150.0,0.35,741.3472260766001,0.0,0.0,100.0,0.0,False,True
5.0,100.0,150.0,0.45,867.4464335270573,0.0,0.0,100.0,0.0,False,True
5.0,200.0,50.0,0.25,578.7650316945848,0.0,0.0,200.0,0.0,False,True
5.0,200.0,50.0,0.35,690.2710443724187,0.0,0.0,200.0,0.0,False,True
5.0,200.0,50.0,0.45,801.7770570502526,0.0,0.0,200.0,0.0,False,True
5.0,200.0,75.0,0.25,578.7650316945848,0.0,0.0,200.0,0.0,False,True
5.0,200.0,75.0,0.35,690.2710443724187,0.0,0.0,200.0,0.0,False,True
5.0,200.0,75.0,0.45,801.7770570502526,0.0,0.0,200.0,0.0,False,True
5.0,200.0,100.0,0.25,578.7650316945848,0.0,0.0,200.0,0.0,False,True
5.0,200.0,100.0,0.35,690.2710443724187,0.0,0.0,200.0,0.0,False,True
5.0,200.0,100.0,0.45,801.7770570502526,0.0,0.0,200.0,0.0,False,True
5.0,200.0,125.0,0.25,578.7650316945848,0.0,0.0,200.0,0.0,False,True
5.0,200.0,125.0,0.35,690.2710443724187,0.0,0.0,200.0,0.0,False,True
5.0,200.0,125.0,0.45,801.7770570502526,0.0,0.0,200.0,0.0,False,True
5.0,200.0,150.0,0.25,578.7650316945848,0.0,0.0,200.0,0.0,False,True
5.0,200.0,150.0,0.35,690.2710443724187,0.0,0.0,200.0,0.0,False,True
5.0,200.0,150.0,0.45,801.7770570502526,0.0,0.0,200.0,0.0,False,True
5.0,300.0,50.0,0.25,557.6622300973203,0.0,0.0,300.0,0.0,False,True
5.0,300.0,50.0,0.35,660.7271221362483,0.0,0.0,300.0,0.0,False,True
5.0,300.0,50.0,0.45,763.7920141751765,0.0,0.0,300.0,0.0,False,True
5.0,300.0,75.0,0.25,557.6622300973203,0.0,0.0,300.0,0.0,False,True
5.0,300.0,75.0,0.35,660.7271221362483,0.0,0.0,300.0,0.0,False,True
5.0,300.0,75.0,0.45,763.7920141751765,0.0,0.0,300.0,0.0,False,True
5.0,300.0,100.0,0.25,557.6622300973203,0.0,0.0,300.0,0.0,False,True
5.0,300.0,100.0,0.35,660.7271221362483,0.0,0.0,300.0,0.0,False,True
5.0,300.0,100.0,0.45,763.7920141751765,0.0,0.0,300.0,0.0,False,True
5.0,300.0,125.0,0.25,557.6622300973203,0.0,0.0,300.0,0.0,False,True
5.0,300.0,125.0,0.35,660.7271221362483,0.0,0.0,300.0,0.0,False,True
5.0,300.0,125.0,0.45,763.7920141751765,0.0,0.0,300.0,0.0,False,True
5.0,300.0,150.0,0.25,557.6622300973203,0.0,0.0,300.0,0.0,False,True
5.0,300.0,150.0,0.35,660.7271221362483,0.0,0.0,300.0,0.0,False,True
5.0,300.0,150.0,0.45,763.7920141751765,0.0,0.0,300.0,0.0,False,True
5.0,400.0,50.0,0.25,542.8361384875044,0.0,0.0,400.0,0.0,False,True
5.0,400.0,50.0,0.35,639.9705938825061,0.0,0.0,400.0,0.0,False,True
5.0,400.0,50.0,0.45,737.105049277508,0.0,0.0,400.0,0.0,False,True
5.0,400.0,75.0,0.25,542.8361384875044,0.0,0.0,400.0,0.0,False,True
5.0,400.0,75.0,0.35,639.9705938825061,0.0,0.0,400.0,0.0,False,True
5.0,400.0,75.0,0.45,737.105049277508,0.0,0.0,400.0,0.0,False,True
5.0,400.0,100.0,0.25,542.8361384875044,0.0,0.0,400.0,0.0,False,True
5.0,400.0,100.0,0.35,639.9705938825061,0.0,0.0,400.0,0.0,False,True
5.0,400.0,100.0,0.45,737.105049277508,0.0,0.0,400.0,0.0,False,True
5.0,400.0,125.0,0.25,542.8361384875044,0.0,0.0,400.0,0.0,False,True
5.0,400.0,125.0,0.35,639.9705938825061,0.0,0.0,400.0,0.0,False,True
5.0,400.0,125.0,0.45,737.105049277508,0.0,0.0,400.0,0.0,False,True
5.0,400.0,150.0,0.25,542.8361384875044,0.0,0.0,400.0,0.0,False,True
5.0,400.0,150.0,0.35,639.9705938825061,0.0,0.0,400.0,0.0,False,True
5.0,400.0,150.0,0.45,737.105049277508,0.0,0.0,400.0,0.0,False,True
10.0,100.0,50.0,0.25,930.4960372522859,0.0,0.0,100.0,0.0,False,True
10.0,100.0,50.0,0.35,1182.6944521532002,0.0,0.0,100.0,0.0,False,True
10.0,100.0,50.0,0.45,1434.8928670541145,0.0,0.0,100.0,0.0,False,True
10.0,100.0,75.0,0.25,930.4960372522859,0.0,0.0,100.0,0.0,False,True
10.0,100.0,75.0,0.35,1182.6944521532002,0.0,0.0,100.0,0.0,False,True
10.0,100.0,75.0,0.45,1434.8928670541145,0.0,0.0,100.0,0.0,False,True
10.0,100.0,100.0,0.25,930.4960372522859,0.0,0.0,100.0,0.0,False,True
10.0,100.0,100.0,0.35,1182.6944521532002,0.0,0.0,100.0,0.0,False,True
10.0,100.0,100.0,0.45,1434.8928670541145,0.0,0.0,100.0,0.0,False,True
10.0,100.0,125.0,0.25,930.4960372522859,0.0,0.0,100.0,0.0,False,True
10.0,100.0,125.0,0.35,1182.6944521532002,0.0,0.0,100.0,0.0,False,True
10.0,100.0,125.0,0.45,1434.8928670541145,0.0,0.0,100.0,0.0,False,True
10.0,100.0,150.0,0.25,930.4960372522859,0.0,0.0,100.0,0.0,False,True
10.0,100.0,150.0,0.35,1182.6944521532002,0.0,0.0,100.0,0.0,False,True
10.0,100.0,150.0,0.45,1434.8928670541145,0.0,0.0,100.0,0.0,False,True
10.0,200.0,50.0,0.25,857.5300633891695,0.0,0.0,200.0,0.0,False,True
10.0,200.0,50.0,0.35,1080.5420887448374,0.0,0.0,200.0,0.0,False,True
10.0,200.0,50.0,0.45,1303.554114100505,0.0,0.0,200.0,0.0,False,True
10.0,200.0,75.0,0.25,857.5300633891695,0.0,0.0,200.0,0.0,False,True
10.0,200.0,75.0,0.35,1080.5420887448374,0.0,0.0,200.0,0.0,False,True
10.0,200.0,75.0,0.45,1303.554114100505,0.0,0.0,200.0,0.0,False,True
10.0,200.0,100.0,0.25,857.5300633891695,0.0,0.0,200.0,0.0,False,True
10.0,200.0,100.0,0.35,1080.5420887448374,0.0,0.0,200.0,0.0,False,True
10.0,200.0,100.0,0.45,1303.554114100505,0.0,0.0,200.0,0.0,False,True
10.0,200.0,125.0,0.25,857.5300633891695,0.0,0.0,200.0,0.0,False,True
10.0,200.0,125.0,0.35,1080.5420887448374,0.0,0.0,200.0,0.0,False,True
10.0,200.0,125.0,0.45,1303.554114100505,0.0,0.0,200.0,0.0,False,True
10.0,200.0,150.0,0.25,857.5300633891695,0.0,0.0,200.0,0.0,False,True
10.0,200.0,150.0,0.35,1080.5420887448374,0.0,0.0,200.0,0.0,False,True
10.0,200.0,150.0,0.45,1303.554114100505,0.0,0.0,200.0,0.0,False,True
10.0,300.0,50.0,0.25,815.3244601946406,0.0,0.0,300.0,0.0,False,True
10.0,300.0,50.0,0.35,1021.4542442724967,0.0,0.0,300.0,0.0,False,True
10.0,300.0,50.0,0.45,1227.584028350353,0.0,0.0,300.0,0.0,False,True
10.0,300.0,75.0,0.25,815.3244601946406,0.0,0.0,300.0,0.0,False,True
10.0,300.0,75.0,0.35,1021.4542442724967,0.0,0.0,300.0,0.0,False,True
10.0,300.0,75.0,0.45,1227.584028350353,0.0,0.0,300.0,0.0,False,True
10.0,300.0,100.0,0.25,815.3244601946406,0.0,0.0,300.0,0.0,False,True
10.0,300.0,100.0,0.35,1021.4542442724967,0.0,0.0,300.0,0.0,False,True
10.0,300.0,100.0,0.45,1227.584028350353,0.0,0.0,300.0,0.0,False,True
10.0,300.0,125.0,0.25,815.3244601946406,0.0,0.0,300.0,0.0,False,True
10.0,300.0,125.0,0.35,1021.4542442724967,0.0,0.0,300.0,0.0,False,True
10.0,300.0,125.0,0.45,1227.584028350353,0.0,0.0,300.0,0.0,False,True
10.0,300.0,150.0,0.25,815.3244601946406,0.0,0.0,300.0,0.0,False,True
10.0,300.0,150.0,0.35,1021.4542442724967,0.0,0.0,300.0,0.0,False,True
10.0,300.0,150.0,0.45,1227.584028350353,0.0,0.0,300.0,0.0,False,True
10.0,400.0,50.0,0.25,785.6722769750088,0.0,0.0,400.0,0.0,False,True
10.0,400.0,50.0,0.35,979.9411877650124,0.0,0.0,400.0,0.0,False,True
10.0,400.0,50.0,0.45,1174.210098555016,0.0,0.0,400.0,0.0,False,True
10.0,400.0,75.0,0.25,785.6722769750088,0.0,0.0,400.0,0.0,False,True
10.0,400.0,75.0,0.35,979.9411877650124,0.0,0.0,400.0,0.0,False,True
10.0,400.0,75.0,0.45,1174.210098555016,0.0,0.0,400.0,0.0,False,True
10.0,400.0,100.0,0.25,785.6722769750088,0.0,0.0,400.0,0.0,False,True
10.0,400.0,100.0,0.35,979.9411877650124,0.0,0.0,400.0,0.0,False,True
10.0,400.0,100.0,0.45,1174.210098555016,0.0,0.0,400.0,0.0,False,True
10.0,400.0,125.0,0.25,785.6722769750088,0.0,0.0,400.0,0.0,False,True
10.0,400.0,125.0,0.35,979.9411877650124,0.0,0.0,400.0,0.0,False,True
10.0,400.0,125.0,0.45,1174.210098555016,0.0,0.0,400.0,0.0,False,True
10.0,400.0,150.0,0.25,785.6722769750088,0.0,0.0,400.0,0.0,False,True
10.0,400.0,150.0,0.35,979.9411877650124,0.0,0.0,400.0,0.0,False,True
10.0,400.0,150.0,0.45,1174.210098555016,0.0,0.0,400.0,0.0,False,True
15.0,100.0,50.0,0.25,1245.7440558784288,0.0,0.0,100.0,0.0,False,True
15.0,100.0,50.0,0.35,1624.0416782298003,2.217739606569451,11.088698032847255,45.090956442215834,0.08252939336646724,True,True
15.0,100.0,50.0,0.45,2002.339300581172,4.181398136579695,20.906990682898474,23.915445679563565,0.3342244182176793,True,True
15.0,100.0,75.0,0.25,1245.7440558784288,0.0,0.0,100.0,0.0,False,True
15.0,100.0,75.0,0.35,1624.0416782298003,2.217739606569451,11.088698032847255,45.090956442215834,0.08252939336646724,True,True
15.0,100.0,75.0,0.45,2002.339300581172,4.181398136579695,20.906990682898474,23.915445679563565,0.3342244182176793,True,True
15.0,100.0,100.0,0.25,1245.7440558784288,0.0,0.0,100.0,0.0,False,True
15.0,100.0,100.0,0.35,1624.0416782298003,2.217739606569451,11.088698032847255,45.090956442215834,0.08252939336646724,True,True
15.0,100.0,100.0,0.45,2002.339300581172,4.181398136579695,20.906990682898474,23.915445679563565,0.3342244182176793,True,True
15.0,100.0,125.0,0.25,1245.7440558784288,0.0,0.0,100.0,0.0,False,True
15.0,100.0,125.0,0.35,1624.0416782298003,2.217739606569451,11.088698032847255,45.090956442215834,0.08252939336646724,True,True
15.0,100.0,125.0,0.45,2002.339300581172,4.181398136579695,20.906990682898474,23.915445679563565,0.3342244182176793,True,True
15.0,100.0,150.0,0.25,1245.7440558784288,0.0,0.0,100.0,0.0,False,True
15.0,100.0,150.0,0.35,1624.0416782298003,2.217739606569451,11.088698032847255,45.090956442215834,0.08252939336646724,True,True
15.0,100.0,150.0,0.45,2002.339300581172,4.181398136579695,20.906990682898474,23.915445679563565,0.3342244182176793,True,True
15.0,200.0,50.0,0.25,1136.2950950837544,0.0,0.0,200.0,0.0,False,True
15.0,200.0,50.0,0.35,1470.813133117256,0.0,0.0,200.0,0.0,False,True
15.0,200.0,50.0,0.45,1805.3311711507577,3.3666850496911978,16.83342524845599,59.40561622131675,0.20314781846357793,True,True
15.0,200.0,75.0,0.25,1136.2950950837544,0.0,0.0,200.0,0.0,False,True
15.0,200.0,75.0,0.35,1470.813133117256,0.0,0.0,200.0,0.0,False,True
15.0,200.0,75.0,0.45,1805.3311711507577,3.3666850496911978,16.83342524845599,59.40561622131675,0.20314781846357793,True,True
15.0,200.0,100.0,0.25,1136.2950950837544,0.0,0.0,200.0,0.0,False,True
15.0,200.0,100.0,0.35,1470.813133117256,0.0,0.0,200.0,0.0,False,True
15.0,200.0,100.0,0.45,1805.3311711507577,3.3666850496911978,16.83342524845599,59.40561622131675,0.20314781846357793,True,True
15.0,200.0,125.0,0.25,1136.2950950837544,0.0,0.0,200.0,0.0,False,True
15.0,200.0,125.0,0.35,1470.813133117256,0.0,0.0,200.0,0.0,False,True
15.0,200.0,125.0,0.45,1805.3311711507577,3.3666850496911978,16.83342524845599,59.40561622131675,0.20314781846357793,True,True
15.0,200.0,150.0,0.25,1136.2950950837544,0.0,0.0,200.0,0.0,False,True
15.0,200.0,150.0,0.35,1470.813133117256,0.0,0.0,200.0,0.0,False,True
15.0,200.0,150.0,0.45,1805.3311711507577,3.3666850496911978,16.83342524845599,59.40561622131675,0.20314781846357793,True,True
15.0,300.0,50.0,0.25,1072.9866902919607,0.0,0.0,300.0,0.0,False,True
15.0,300.0,50.0,0.35,1382.1813664087451,0.0,0.0,300.0,0.0,False,True
15.0,300.0,50.0,0.45,1691.3760425255296,2.720033633194566,13.60016816597283,110.29275386115815,0.12732936961113078,True,True
15.0,300.0,75.0,0.25,1072.9866902919607,0.0,0.0,300.0,0.0,False,True
15.0,300.0,75.0,0.35,1382.1813664087451,0.0,0.0,300.0,0.0,False,True
15.0,300.0,75.0,0.45,1691.3760425255296,2.720033633194566,13.60016816597283,110.29275386115815,0.12732936961113078,True,True
15.0,300.0,100.0,0.25,1072.9866902919607,0.0,0.0,300.0,0.0,False,True
15.0,300.0,100.0,0.35,1382.1813664087451,0.0,0.0,300.0,0.0,False,True
15.0,300.0,100.0,0.45,1691.3760425255296,2.720033633194566,13.60016816597283,110.29275386115815,0.12732936961113078,True,True
15.0,300.0,125.0,0.25,1072.9866902919607,0.0,0.0,300.0,0.0,False,True
15.0,300.0,125.0,0.35,1382.1813664087451,0.0,0.0,300.0,0.0,False,True
15.0,300.0,125.0,0.45,1691.3760425255296,2.720033633194566,13.60016816597283,110.29275386115815,0.12732936961113078,True,True
15.0,300.0,150.0,0.25,1072.9866902919607,0.0,0.0,300.0,0.0,False,True
15.0,300.0,150.0,0.35,1382.1813664087451,0.0,0.0,300.0,0.0,False,True
15.0,300.0,150.0,0.45,1691.3760425255296,2.720033633194566,13.60016816597283,110.29275386115815,0.12732936961113078,True,True
15.0,400.0,50.0,0.25,1028.5084154625133,0.0,0.0,400.0,0.0,False,True
15.0,400.0,50.0,0.35,1319.9117816475186,0.0,0.0,400.0,0.0,False,True
15.0,400.0,50.0,0.45,1611.3151478325237,2.106050883311154,10.53025441655577,189.9289343717641,0.07406197460580421,True,True
15.0,400.0,75.0,0.25,1028.5084154625133,0.0,0.0,400.0,0.0,False,True
15.0,400.0,75.0,0.35,1319.9117816475186,0.0,0.0,400.0,0.0,False,True
15.0,400.0,75.0,0.45,1611.3151478325237,2.106050883311154,10.53025441655577,189.9289343717641,0.07406197460580421,True,True
15.0,400.0,100.0,0.25,1028.5084154625133,0.0,0.0,400.0,0.0,False,True
15.0,400.0,100.0,0.35,1319.9117816475186,0.0,0.0,400.0,0.0,False,True
15.0,400.0,100.0,0.45,1611.3151478325237,2.106050883311154,10.53025441655577,189.9289343717641,0.07406197460580421,True,True
15.0,400.0,125.0,0.25,1028.5084154625133,0.0,0.0,400.0,0.0,False,True
15.0,400.0,125.0,0.35,1319.9117816475186,0.0,0.0,400.0,0.0,False,True
15.0,400.0,125.0,0.45,1611.3151478325237,2.106050883311154,10.53025441655577,189.9289343717641,0.07406197460580421,True,True
15.0,400.0,150.0,0.25,1028.5084154625133,0.0,0.0,400.0,0.0,False,True
15.0,400.0,150.0,0.35,1319.9117816475186,0.0,0.0,400.0,0.0,False,True
15.0,400.0,150.0,0.45,1611.3151478325237,2.106050883311154,10.53025441655577,189.9289343717641,0.07406197460580421,True,True
20.0,100.0,50.0,0.25,1560.9920745045717,1.574439822309901,7.872199111549505,63.51465364569313,0.04058022255793197,True,True
20.0,100.0,50.0,0.35,2065.3889043064005,4.393457930279506,21.96728965139753,22.76111472715027,0.37617358902621456,True,True
20.0,100.0,50.0,0.45,2569.785734108229,5.645192113576044,28.22596056788022,17.71418899270255,0.711766955494497,True,True
20.0,100.0,75.0,0.25,1560.9920745045717,1.574439822309901,7.872199111549505,63.51465364569313,0.04058022255793197,True,True
20.0,100.0,75.0,0.35,2065.3889043064005,4.393457930279506,21.96728965139753,22.76111472715027,0.37617358902621456,True,True
20.0,100.0,75.0,0.45,2569.785734108229,5.645192113576044,28.22596056788022,17.71418899270255,0.711766955494497,True,True
20.0,100.0,100.0,0.25,1560.9920745045717,1.574439822309901,7.872199111549505,63.51465364569313,0.04058022255793197,True,True
20.0,100.0,100.0,0.35,2065.3889043064005,4.393457930279506,21.96728965139753,22.76111472715027,0.37617358902621456,True,True
20.0,100.0,100.0,0.45,2569.785734108229,5.645192113576044,28.22596056788022,17.71418899270255,0.711766955494497,True,True
20.0,100.0,125.0,0.25,1560.9920745045717,1.574439822309901,7.872199111549505,63.51465364569313,0.04058022255793197,True,True
20.0,100.0,125.0,0.35,2065.3889043064005,4.393457930279506,21.96728965139753,22.76111472715027,0.37617358902621456,True,True
20.0,100.0,125.0,0.45,2569.785734108229,5.645192113576044,28.22596056788022,17.71418899270255,0.711766955494497,True,True
20.0,100.0,150.0,0.25,1560.9920745045717,1.574439822309901,7.872199111549505,63.51465364569313,0.04058022255793197,True,True
20.0,100.0,150.0,0.35,2065.3889043064005,4.393457930279506,21.96728965139753,22.76111472715027,0.37617358902621456,True,True
20.0,100.0,150.0,0.45,2569.785734108229,5.645192113576044,28.22596056788022,17.71418899270255,0.711766955494497,True,True
20.0,200.0,50.0,0.25,1415.060126778339,0.0,0.0,200.0,0.0,False,True
20.0,200.0,50.0,0.35,1861.0841774896749,3.6266996611737747,18.133498305868873,55.146557113932715,0.2402423003923319,True,True
20.0,200.0,50.0,0.45,2307.10822820101,5.071357988389625,25.356789941948126,39.43716859623799,0.5369981558223621,True,True
20.0,200.0,75.0,0.25,1415.060126778339,0.0,0.0,200.0,0.0,False,True
20.0,200.0,75.0,0.35,1861.0841774896749,3.6266996611737747,18.133498305868873,55.146557113932715,0.2402423003923319,True,True
20.0,200.0,75.0,0.45,2307.10822820101,5.071357988389625,25.356789941948126,39.43716859623799,0.5369981558223621,True,True
20.0,200.0,100.0,0.25,1415.060126778339,0.0,0.0,200.0,0.0,False,True
20.0,200.0,100.0,0.35,1861.0841774896749,3.6266996611737747,18.133498305868873,55.146557113932715,0.2402423003923319,True,True
20.0,200.0,100.0,0.45,2307.10822820101,5.071357988389625,25.356789941948126,39.43716859623799,0.5369981558223621,True,True
20.0,200.0,125.0,0.25,1415.060126778339,0.0,0.0,200.0,0.0,False,True
20.0,200.0,125.0,0.35,1861.0841774896749,3.6266996611737747,18.133498305868873,55.146557113932715,0.2402423003923319,True,True
20.0,200.0,125.0,0.45,2307.10822820101,5.071357988389625,25.356789941948126,39.43716859623799,0.5369981558223621,True,True
20.0,200.0,150.0,0.25,1415.060126778339,0.0,0.0,200.0,0.0,False,True
20.0,200.0,150.0,0.35,1861.0841774896749,3.6266996611737747,18.133498305868873,55.146557113932715,0.2402423003923319,True,True
20.0,200.0,150.0,0.45,2307.10822820101,5.071357988389625,25.356789941948126,39.43716859623799,0.5369981558223621,True,True
20.0,300.0,50.0,0.25,1330.648920389281,0.0,0.0,300.0,0.0,False,True
20.0,300.0,50.0,0.35,1742.9084885449934,3.035945515692494,15.179727578462469,98.81600260918073,0.1616157608416456,True,True
20.0,300.0,50.0,0.45,2155.168056700706,4.667192581016844,23.335962905084223,64.2784703635775,0.4359068906857658,True,True
20.0,300.0,75.0,0.25,1330.648920389281,0.0,0.0,300.0,0.0,False,True
20.0,300.0,75.0,0.35,1742.9084885449934,3.035945515692494,15.179727578462469,98.81600260918073,0.1616157608416456,True,True
20.0,300.0,75.0,0.45,2155.168056700706,4.667192581016844,23.335962905084223,64.2784703635775,0.4359068906857658,True,True
20.0,300.0,100.0,0.25,1330.648920389281,0.0,0.0,300.0,0.0,False,True
20.0,300.0,100.0,0.35,1742.9084885449934,3.035945515692494,15.179727578462469,98.81600260918073,0.1616157608416456,True,True
20.0,300.0,100.0,0.45,2155.168056700706,4.667192581016844,23.335962905084223,64.2784703635775,0.4359068906857658,True,True
20.0,300.0,125.0,0.25,1330.648920389281,0.0,0.0,300.0,0.0,False,True
20.0,300.0,125.0,0.35,1742.9084885449934,3.035945515692494,15.179727578462469,98.81600260918073,0.1616157608416456,True,True
20.0,300.0,125.0,0.45,2155.168056700706,4.667192581016844,23.335962905084223,64.2784703635775,0.4359068906857658,True,True
20.0,300.0,150.0,0.25,1330.648920389281,0.0,0.0,300.0,0.0,False,True
20.0,300.0,150.0,0.35,1742.9084885449934,3.035945515692494,15.179727578462469,98.81600260918073,0.1616157608416456,True,True
20.0,300.0,150.0,0.45,2155.168056700706,4.667192581016844,23.335962905084223,64.2784703635775,0.4359068906857658,True,True
20.0,400.0,50.0,0.25,1271.3445539500176,0.0,0.0,400.0,0.0,False,True
20.0,400.0,50.0,0.35,1659.8823755300248,2.500766388857512,12.50383194428756,159.95096614471936,0.10637549935464057,True,True
20.0,400.0,50.0,0.45,2048.420197110032,4.33815098235236,21.6907549117618,92.2051817991591,0.36488369734533066,True,True
20.0,400.0,75.0,0.25,1271.3445539500176,0.0,0.0,400.0,0.0,False,True
20.0,400.0,75.0,0.35,1659.8823755300248,2.500766388857512,12.50383194428756,159.95096614471936,0.10637549935464057,True,True
20.0,400.0,75.0,0.45,2048.420197110032,4.33815098235236,21.6907549117618,92.2051817991591,0.36488369734533066,True,True
20.0,400.0,100.0,0.25,1271.3445539500176,0.0,0.0,400.0,0.0,False,True
20.0,400.0,100.0,0.35,1659.8823755300248,2.500766388857512,12.50383194428756,159.95096614471936,0.10637549935464057,True,True
20.0,400.0,100.0,0.45,2048.420197110032,4.33815098235236,21.6907549117618,92.2051817991591,0.36488369734533066,True,True
20.0,400.0,125.0,0.25,1271.3445539500176,0.0,0.0,400.0,0.0,False,True
20.0,400.0,125.0,0.35,1659.8823755300248,2.500766388857512,12.50383194428756,159.95096614471936,0.10637549935464057,True,True
20.0,400.0,125.0,0.45,2048.420197110032,4.33815098235236,21.6907549117618,92.2051817991591,0.36488369734533066,True,True
20.0,400.0,150.0,0.25,1271.3445539500176,0.0,0.0,400.0,0.0,False,True
20.0,400.0,150.0,0.35,1659.8823755300248,2.500766388857512,12.50383194428756,159.95096614471936,0.10637549935464057,True,True
20.0,400.0,150.0,0.45,2048.420197110032,4.33815098235236,21.6907549117618,92.2051817991591,0.36488369734533066,True,True
25.0,100.0,50.0,0.25,1876.2400931307145,3.6927006810443914,18.463503405221957,27.08045104043402,0.25032607660060846,True,True
25.0,100.0,50.0,0.35,2506.7361303830007,5.519026195883325,27.595130979416624,18.119138494865382,0.6698177846859619,True,True
25.0,100.0,50.0,0.45,3137.2321676352863,6.559372802706953,32.796864013534766,15.245360037888306,1.0,True,False
25.0,100.0,75.0,0.25,1876.2400931307145,3.6927006810443914,18.463503405221957,27.08045104043402,0.25032607660060846,True,True
25.0,100.0,75.0,0.35,2506.7361303830007,5.519026195883325,27.595130979416624,18.119138494865382,0.6698177846859619,True,True
25.0,100.0,75.0,0.45,3137.2321676352863,6.559372802706953,32.796864013534766,15.245360037888306,1.0,True,False
25.0,100.0,100.0,0.25,1876.2400931307145,3.6927006810443914,18.463503405221957,27.08045104043402,0.25032607660060846,True,True
25.0,100.0,100.0,0.35,2506.7361303830007,5.519026195883325,27.595130979416624,18.119138494865382,0.6698177846859619,True,True
25.0,100.0,100.0,0.45,3137.2321676352863,6.559372802706953,32.796864013534766,15.245360037888306,1.0,True,False
25.0,100.0,125.0,0.25,1876.2400931307145,3.6927006810443914,18.463503405221957,27.08045104043402,0.25032607660060846,True,True
25.0,100.0,125.0,0.35,2506.7361303830007,5.519026195883325,27.595130979416624,18.119138494865382,0.6698177846859619,True,True
25.0,100.0,125.0,0.45,3137.2321676352863,6.559372802706953,32.796864013534766,15.245360037888306,1.0,True,False
25.0,100.0,150.0,0.25,1876.2400931307145,3.6927006810443914,18.463503405221957,27.08045104043402,0.25032607660060846,True,True
25.0,100.0,150.0,0.35,2506.7361303830007,5.519026195883325,27.595130979416624,18.119138494865382,0.6698177846859619,True,True
25.0,100.0,150.0,0.45,3137.2321676352863,6.559372802706953,32.796864013534766,15.245360037888306,1.0,True,False
25.0,200.0,50.0,0.25,1693.825158472924,2.736149880216325,13.680749401081624,73.09541098099042,0.12895885460607048,True,True
25.0,200.0,50.0,0.35,2251.3552218620935,4.930530194418087,24.652650972090434,40.56358892729679,0.4999036738936084,True,True
25.0,200.0,50.0,0.45,2808.8852852512628,6.072548839829429,30.362744199147148,32.9350994574492,0.8708484931811462,True,True
25.0,200.0,75.0,0.25,1693.825158472924,2.736149880216325,13.680749401081624,73.09541098099042,0.12895885460607048,True,True
25.0,200.0,75.0,0.35,2251.3552218620935,4.930530194418087,24.652650972090434,40.56358892729679,0.4999036738936084,True,True
25.0,200.0,75.0,0.45,2808.8852852512628,6.072548839829429,30.362744199147148,32.9350994574492,0.8708484931811462,True,True
25.0,200.0,100.0,0.25,1693.825158472924,2.736149880216325,13.680749401081624,73.09541098099042,0.12895885460607048,True,True
25.0,200.0,100.0,0.35,2251.3552218620935,4.930530194418087,24.652650972090434,40.56358892729679,0.4999036738936084,True,True
25.0,200.0,100.0,0.45,2808.8852852512628,6.072548839829429,30.362744199147148,32.9350994574492,0.8708484931811462,True,True
25.0,200.0,125.0,0.25,1693.825158472924,2.736149880216325,13.680749401081624,73.09541098099042,0.12895885460607048,True,True
25.0,200.0,125.0,0.35,2251.3552218620935,4.930530194418087,24.652650972090434,40.56358892729679,0.4999036738936084,True,True
25.0,200.0,125.0,0.45,2808.8852852512628,6.072548839829429,30.362744199147148,32.9350994574492,0.8708484931811462,True,True
25.0,200.0,150.0,0.25,1693.825158472924,2.736149880216325,13.680749401081624,73.09541098099042,0.12895885460607048,True,True
25.0,200.0,150.0,0.35,2251.3552218620935,4.930530194418087,24.652650972090434,40.56358892729679,0.4999036738936084,True,True
25.0,200.0,150.0,0.45,2808.8852852512628,6.072548839829429,30.362744199147148,32.9350994574492,0.8708484931811462,True,True
25.0,300.0,50.0,0.25,1588.3111504866015,1.8842852514689006,9.421426257344503,159.21156298715073,0.05875658715010079,True,True
25.0,300.0,50.0,0.35,2103.635610681242,4.513772561833821,22.568862809169104,66.46325128045846,0.4016204994552507,True,True
25.0,300.0,50.0,0.45,2618.9600708758826,5.73932610626101,28.69663053130505,52.27094513286692,0.7444844117604009,True,True
25.0,300.0,75.0,0.25,1588.3111504866015,1.8842852514689006,9.421426257344503,159.21156298715073,0.05875658715010079,True,True
25.0,300.0,75.0,0.35,2103.635610681242,4.513772561833821,22.568862809169104,66.46325128045846,0.4016204994552507,True,True
25.0,300.0,75.0,0.45,2618.9600708758826,5.73932610626101,28.69663053130505,52.27094513286692,0.7444844117604009,True,True
25.0,300.0,100.0,0.25,1588.3111504866015,1.8842852514689006,9.421426257344503,159.21156298715073,0.05875658715010079,True,True
25.0,300.0,100.0,0.35,2103.635610681242,4.513772561833821,22.568862809169104,66.46325128045846,0.4016204994552507,True,True
25.0,300.0,100.0,0.45,2618.9600708758826,5.73932610626101,28.69663053130505,52.27094513286692,0.7444844117604009,True,True
25.0,300.0,125.0,0.25,1588.3111504866015,1.8842852514689006,9.421426257344503,159.21156298715073,0.05875658715010079,True,True
25.0,300.0,125.0,0.35,2103.635610681242,4.513772561833821,22.568862809169104,66.46325128045846,0.4016204994552507,True,True
25.0,300.0,125.0,0.45,2618.9600708758826,5.73932610626101,28.69663053130505,52.27094513286692,0.7444844117604009,True,True
25.0,300.0,150.0,0.25,1588.3111504866015,1.8842852514689006,9.421426257344503,159.21156298715073,0.05875658715010079,True,True
25.0,300.0,150.0,0.35,2103.635610681242,4.513772561833821,22.568862809169104,66.46325128045846,0.4016204994552507,True,True
25.0,300.0,150.0,0.45,2618.9600708758826,5.73932610626101,28.69663053130505,52.27094513286692,0.7444844117604009,True,True
25.0,400.0,50.0,0.25,1514.180692437522,0.7664191192091229,3.8320955960456144,400.0,0.009434925108131811,True,True
25.0,400.0,50.0,0.35,1999.852969412531,4.172650248624959,20.863251243124793,95.86233596544898,0.3325701725964943,True,True
25.0,400.0,50.0,0.45,2485.52524638754,5.475101050336445,27.375505251682224,73.05801232205934,0.6557054200848569,True,True
25.0,400.0,75.0,0.25,1514.180692437522,0.7664191192091229,3.8320955960456144,400.0,0.009434925108131811,True,True
25.0,400.0,75.0,0.35,1999.852969412531,4.172650248624959,20.863251243124793,95.86233596544898,0.3325701725964943,True,True
25.0,400.0,75.0,0.45,2485.52524638754,5.475101050336445,27.375505251682224,73.05801232205934,0.6557054200848569,True,True
25.0,400.0,100.0,0.25,1514.180692437522,0.7664191192091229,3.8320955960456144,400.0,0.009434925108131811,True,True
25.0,400.0,100.0,0.35,1999.852969412531,4.172650248624959,20.863251243124793,95.86233596544898,0.3325701725964943,True,True
25.0,400.0,100.0,0.45,2485.52524638754,5.475101050336445,27.375505251682224,73.05801232205934,0.6557054200848569,True,True
25.0,400.0,125.0,0.25,1514.180692437522,0.7664191192091229,3.8320955960456144,400.0,0.009434925108131811,True,True
25.0,400.0,125.0,0.35,1999.852969412531,4.172650248624959,20.863251243124793,95.86233596544898,0.3325701725964943,True,True
25.0,400.0,125.0,0.45,2485.52524638754,5.475101050336445,27.375505251682224,73.05801232205934,0.6557054200848569,True,True
25.0,400.0,150.0,0.25,1514.180692437522,0.7664191192091229,3.8320955960456144,400.0,0.009434925108131811,True,True
25.0,400.0,150.0,0.35,1999.852969412531,4.172650248624959,20.863251243124793,95.86233596544898,0.3325701725964943,True,True
25.0,400.0,150.0,0.45,2485.52524638754,5.475101050336445,27.375505251682224,73.05801232205934,0.6557054200848569,True,True
30.0,100.0,50.0,0.25,2191.4881117568575,4.769917835716192,23.84958917858096,20.964721708877242,0.4600719306432851,True,True
30.0,100.0,50.0,0.35,2948.0833564596005,6.290924255667372,31.45462127833686,15.895915438802483,0.963461980345709,True,True
30.0,100.0,50.0,0.45,3704.678601162344,7.220903641829699,36.104518209148495,13.848682237042162,1.0,True,False
30.0,100.0,75.0,0.25,2191.4881117568575,4.769917835716192,23.84958917858096,20.964721708877242,0.4600719306432851,True,True
30.0,100.0,75.0,0.35,2948.0833564596005,6.290924255667372,31.45462127833686,15.895915438802483,0.963461980345709,True,True
30.0,100.0,75.0,0.45,3704.678601162344,7.220903641829699,36.104518209148495,13.848682237042162,1.0,True,False
30.0,100.0,100.0,0.25,2191.4881117568575,4.769917835716192,23.84958917858096,20.964721708877242,0.4600719306432851,True,True
30.0,100.0,100.0,0.35,2948.0833564596005,6.290924255667372,31.45462127833686,15.895915438802483,0.963461980345709,True,True
30.0,100.0,100.0,0.45,3704.678601162344,7.220903641829699,36.104518209148495,13.848682237042162,1.0,True,False
30.0,100.0,125.0,0.25,2191.4881117568575,4.769917835716192,23.84958917858096,20.964721708877242,0.4600719306432851,True,True
30.0,100.0,125.0,0.35,2948.0833564596005,6.290924255667372,31.45462127833686,15.895915438802483,0.963461980345709,True,True
30.0,100.0,125.0,0.45,3704.678601162344,7.220903641829699,36.104518209148495,13.848682237042162,1.0,True,False
30.0,100.0,150.0,0.25,2191.4881117568575,4.769917835716192,23.84958917858096,20.964721708877242,0.4600719306432851,True,True
30.0,100.0,150.0,0.35,2948.0833564596005,6.290924255667372,31.45462127833686,15.895915438802483,0.963461980345709,True,True
30.0,100.0,150.0,0.45,3704.678601162344,7.220903641829699,36.104518209148495,13.848682237042162,1.0,True,False
30.0,200.0,50.0,0.25,1972.5901901675086,4.074628082010129,20.373140410050645,49.0842344318538,0.31443126424983936,True,True
30.0,200.0,50.0,0.35,2641.626266234512,5.781540092204341,28.907700461021705,34.59285879028568,0.759565047394885,True,True
30.0,200.0,50.0,0.45,3310.6623423015153,6.781734826120193,33.908674130600964,29.49097909722007,1.0,True,False
30.0,200.0,75.0,0.25,1972.5901901675086,4.074628082010129,20.373140410050645,49.0842344318538,0.31443126424983936,True,True
30.0,200.0,75.0,0.35,2641.626266234512,5.781540092204341,28.907700461021705,34.59285879028568,0.759565047394885,True,True
30.0,200.0,75.0,0.45,3310.6623423015153,6.781734826120193,33.908674130600964,29.49097909722007,1.0,True,False
30.0,200.0,100.0,0.25,1972.5901901675086,4.074628082010129,20.373140410050645,49.0842344318538,0.31443126424983936,True,True
30.0,200.0,100.0,0.35,2641.626266234512,5.781540092204341,28.907700461021705,34.59285879028568,0.759565047394885,True,True
30.0,200.0,100.0,0.45,3310.6623423015153,6.781734826120193,33.908674130600964,29.49097909722007,1.0,True,False
30.0,200.0,125.0,0.25,1972.5901901675086,4.074628082010129,20.373140410050645,49.0842344318538,0.31443126424983936,True,True
30.0,200.0,125.0,0.35,2641.626266234512,5.781540092204341,28.907700461021705,34.59285879028568,0.759565047394885,True,True
30.0,200.0,125.0,0.45,3310.6623423015153,6.781734826120193,33.908674130600964,29.49097909722007,1.0,True,False
30.0,200.0,150.0,0.25,1972.5901901675086,4.074628082010129,20.373140410050645,49.0842344318538,0.31443126424983936,True,True
30.0,200.0,150.0,0.35,2641.626266234512,5.781540092204341,28.907700461021705,34.59285879028568,0.759565047394885,True,True
30.0,200.0,150.0,0.45,3310.6623423015153,6.781734826120193,33.908674130600964,29.49097909722007,1.0,True,False
30.0,300.0,50.0,0.25,1845.9733805839217,3.559017947215347,17.795089736076733,84.29291575636097,0.23018854330267574,True,True
30.0,300.0,50.0,0.35,2464.3627328174903,5.430489902362547,27.152449511812733,55.24363462484008,0.6416252380688559,True,True
30.0,300.0,50.0,0.45,3082.752085051059,6.485055280697836,32.42527640348918,46.26020704756706,1.0,True,False
30.0,300.0,75.0,0.25,1845.9733805839217,3.559017947215347,17.795089736076733,84.29291575636097,0.23018854330267574,True,True
30.0,300.0,75.0,0.35,2464.3627328174903,5.430489902362547,27.152449511812733,55.24363462484008,0.6416252380688559,True,True
30.0,300.0,75.0,0.45,3082.752085051059,6.485055280697836,32.42527640348918,46.26020704756706,1.0,True,False
30.0,300.0,100.0,0.25,1845.9733805839217,3.559017947215347,17.795089736076733,84.29291575636097,0.23018854330267574,True,True
30.0,300.0,100.0,0.35,2464.3627328174903,5.430489902362547,27.152449511812733,55.24363462484008,0.6416252380688559,True,True
30.0,300.0,100.0,0.45,3082.752085051059,6.485055280697836,32.42527640348918,46.26020704756706,1.0,True,False
30.0,300.0,125.0,0.25,1845.9733805839217,3.559017947215347,17.795089736076733,84.29291575636097,0.23018854330267574,True,True
30.0,300.0,125.0,0.35,2464.3627328174903,5.430489902362547,27.152449511812733,55.24363462484008,0.6416252380688559,True,True
30.0,300.0,125.0,0.45,3082.752085051059,6.485055280697836,32.42527640348918,46.26020704756706,1.0,True,False
30.0,300.0,150.0,0.25,1845.9733805839217,3.559017947215347,17.795089736076733,84.29291575636097,0.23018854330267574,True,True
30.0,300.0,150.0,0.35,2464.3627328174903,5.430489902362547,27.152449511812733,55.24363462484008,0.6416252380688559,True,True
30.0,300.0,150.0,0.45,3082.752085051059,6.485055280697836,32.42527640348918,46.26020704756706,1.0,True,False
30.0,400.0,50.0,0.25,1757.0168309250266,3.1150403056761595,15.575201528380799,128.4092534119474,0.1710025488523131,True,True
30.0,400.0,50.0,0.35,2339.8235632950373,5.150445411520024,25.75222705760012,77.66318600432464,0.5587648458383482,True,True
30.0,400.0,50.0,0.45,2922.6302956650475,6.252424277917562,31.26212138958781,63.975185019469656,0.9465271428243829,True,True
30.0,400.0,75.0,0.25,1757.0168309250266,3.1150403056761595,15.575201528380799,128.4092534119474,0.1710025488523131,True,True
30.0,400.0,75.0,0.35,2339.8235632950373,5.150445411520024,25.75222705760012,77.66318600432464,0.5587648458383482,True,True
30.0,400.0,75.0,0.45,2922.6302956650475,6.252424277917562,31.26212138958781,63.975185019469656,0.9465271428243829,True,True
30.0,400.0,100.0,0.25,1757.0168309250266,3.1150403056761595,15.575201528380799,128.4092534119474,0.1710025488523131,True,True
30.0,400.0,100.0,0.35,2339.8235632950373,5.150445411520024,25.75222705760012,77.66318600432464,0.5587648458383482,True,True
30.0,400.0,100.0,0.45,2922.6302956650475,6.252424277917562,31.26212138958781,63.975185019469656,0.9465271428243829,True,True
30.0,400.0,125.0,0.25,1757.0168309250266,3.1150403056761595,15.575201528380799,128.4092534119474,0.1710025488523131,True,True
30.0,400.0,125.0,0.35,2339.8235632950373,5.150445411520024,25.75222705760012,77.66318600432464,0.5587648458383482,True,True
30.0,400.0,125.0,0.45,2922.6302956650475,6.252424277917562,31.26212138958781,63.975185019469656,0.9465271428243829,True,True
30.0,400.0,150.0,0.25,1757.0168309250266,3.1150403056761595,15.575201528380799,128.4092534119474,0.1710025488523131,True,True
30.0,400.0,150.0,0.35,2339.8235632950373,5.150445411520024,25.75222705760012,77.66318600432464,0.5587648458383482,True,True
30.0,400.0,150.0,0.45,2922.6302956650475,6.252424277917562,31.26212138958781,63.975185019469656,0.9465271428243829,True,True
