cut_depth_um,feed_mm_s,chipping_um,chip_std_um,mrr
60.0,0.3,1.0749361757169655,2.0307707554608068,414.0
63.63636363636363,0.3,1.0969142413974655,2.0146337324453594,439.09090909090907
60.0,0.3292929292929293,1.1122568409840436,1.978430935372871,454.42424242424244
67.27272727272727,0.3,1.1199841855839416,1.9989518993191042,464.18181818181813
63.63636363636363,0.3292929292929293,1.1349698641301824,1.9623526415198114,481.9651056014692
70.9090909090909,0.3,1.1441477797138297,1.983717314696576,489.2727272727272
60.0,0.35858585858585856,1.1502434096222967,1.9277099135736122,494.8484848484849
67.27272727272727,0.3292929292929293,1.1587789401418078,1.9467426997322168,509.50596877869606
74.54545454545455,0.3,1.169406570063833,1.968921619595503,514.3636363636364
63.63636363636363,0.35858585858585856,1.1736962681236633,1.9116875430818832,524.8393021120294
70.9090909090909,0.3292929292929293,1.18368576942067,1.9315930742688647,537.0468319559228
78.18181818181819,0.3,1.1957618763589917,1.9545560528583374,539.4545454545455
67.27272727272727,0.35858585858585856,1.19824930307467,1.8961469178666595,554.8301193755738
74.54545454545455,0.3292929292929293,1.209691825954204,1.9168952804671957,564.5876951331497
63.63636363636363,0.3878787878787879,1.2130626496864636,1.8627073920710377,567.7134986225894
70.9090909090909,0.35858585858585856,1.2239041429066297,1.8810799214696756,584.8209366391184
78.18181818181819,0.3292929292929293,1.2367983559345976,1.9026404003492994,592.1285583103765
67.27272727272727,0.3878787878787879,1.238364275889408,1.8472333170142492,600.1542699724517
74.54545454545455,0.35858585858585856,1.2506621883910114,1.8664779553531121,614.811753902663
70.9090909090909,0.3878787878787879,1.2647717069962763,1.8322463964462665,632.5950413223139
78.18181818181819,0.35858585858585856,1.278524611269379,1.8523319546199744,644.8025711662076
67.27272727272727,0.4171717171717172,1.2790924846382108,1.8000721397348756,645.4784205693296
74.54545454545455,0.3878787878787879,1.2922862696566764,1.8177379308598107,665.0358126721763
70.9090909090909,0.4171717171717172,1.3062568896049829,1.785162539758731,680.3691460055097
67.27272727272727,0.44646464646464645,1.3204022087391944,1.7547347423561326,690.8025711662075
78.18181818181819,0.3878787878787879,1.3209090602636078,1.8036987194249874,697.4765840220385
74.54545454545455,0.4171717171717172,1.3345322996834792,1.7707450084057756,715.2598714416896
70.9090909090909,0.44646464646464645,1.3483277686549702,1.7398995299458946,728.1432506887053
81.81818181818181,0.3878787878787879,1.350640943659327,1.7901190779714862,729.9173553719007
67.27272727272727,0.47575757575757577,1.3622614104074238,1.7112931225392929,736.1267217630854
78.18181818181819,0.4171717171717172,1.3639197350416978,1.756810220933878,750.1505968778697
74.54545454545455,0.44646464646464645,1.377368155065641,1.7255701442595728,765.483930211203
70.9090909090909,0.47575757575757577,1.3909521016062705,1.6965292136020882,775.9173553719008
81.81818181818181,0.4171717171717172,1.394419983090982,1.7433483325790269,785.0413223140497
78.18181818181819,0.44646464646464645,1.4075243110587987,1.711737149610176,802.8246097337006
74.54545454545455,0.47575757575757577,1.420761388688618,1.6822849816189756,815.7079889807162
85.45454545454545,0.4171717171717172,1.426033597269683,1.7303489991432501,819.9320477502296
70.9090909090909,0.5050505050505051,1.434097355576867,1.6551235156384831,823.6914600550964
81.81818181818181,0.44646464646464645,1.438796945768603,1.6983905516615119,840.1652892561983
78.18181818181819,0.47575757575757577,1.4516901368275548,1.668550893741679,855.4986225895318
74.54545454545455,0.5050505050505051,1.4646792599503993,1.6409612621600556,865.9320477502296
85.45454545454545,0.44646464646464645,1.4711865331717338,1.6855198184009976,877.505968778696
81.81818181818181,0.47575757575757577,1.4837389760562765,1.6553168179758428,895.2892561983472
78.18181818181819,0.5050505050505051,1.4963842642408505,1.627322951855954,908.1726354453629
89.0909090909091,0.44646464646464645,1.5046933109509322,1.673113903715064,914.8466483011938
74.54545454545455,0.5343434343434343,1.5090887655497074,1.6016701067360737,916.1561065197428
85.45454545454545,0.47575757575757577,1.516908300075241,1.6425720444671963,935.0798898071625
81.81818181818181,0.5050505050505051,1.5292129185781969,1.6141983277529275,950.4132231404959
92.72727272727272,0.44646464646464645,1.539317279427153,1.6611612734455,952.1873278236912
78.18181818181819,0.5343434343434343,1.5415734794627056,1.588124213491764,960.8466483011938
89.0909090909091,0.47575757575757577,1.5511982651286376,1.6303053096981566,974.870523415978
85.45454545454545,0.5050505050505051,1.563165535594889,1.6015765130072623,992.653810835629
81.81818181818181,0.5343434343434343,1.5751853492125347,1.5751056712674938,1005.5371900826445
92.72727272727272,0.47575757575757577,1.586608788949854,1.618504823466794,1014.6611570247934
89.0909090909091,0.5050505050505051,1.5982421893148517,1.5894460356688849,1034.8943985307621
85.45454545454545,0.5343434343434343,1.6099246055947223,1.5626034478519408,1050.2277318640954
81.81818181818181,0.5636363636363637,1.6216226066302912,1.538107974261607,1060.6611570247933
78.18181818181819,0.592929292929293,1.6333031784565577,1.516089575178301,1066.194674012856
92.72727272727272,0.5050505050505051,1.6344427141121374,1.5777948565595152,1077.1349862258953
89.0909090909091,0.5343434343434343,1.6457912396540646,1.550605872764653,1094.9182736455464
85.45454545454545,0.5636363636363637,1.6571516358311493,1.5257216014174622,1107.8016528925623
81.81818181818181,0.592929292929293,1.668490824350184,1.5032718989170863,1115.7851239669421
96.36363636363636,0.5050505050505051,1.6717667037392046,1.5666104000977463,1119.3755739210285
92.72727272727272,0.5343434343434343,1.6827850016569572,1.5391006660000195,1139.6088154269971
89.0909090909091,0.5636363636363637,1.693811329294694,1.513853124785841,1154.9421487603308
85.45454545454545,0.592929292929293,1.7048125441157929,1.4909972541439405,1165.3755739210285
81.81818181818181,0.6222222222222222,1.7157559632810395,1.4706605106027066,1170.9090909090908
96.36363636363636,0.5343434343434343,1.7209054001335202,1.5280749700694092,1184.299357208448
92.72727272727272,0.5636363636363637,1.731601352455117,1.5024900327544422,1202.0826446280994
89.0909090909091,0.592929292929293,1.742268160658667,1.479253606348202,1214.9660238751148
85.45454545454545,0.6222222222222222,1.7528730729679287,1.4584930791991788,1222.949494949495
100.0,0.5343434343434343,1.7601517009915089,1.5175153851265766,1228.9898989898988
96.36363636363636,0.5636363636363637,1.7705211279062674,1.49161919359857,1249.223140495868
92.72727272727272,0.592929292929293,1.7808572538801037,1.468028222579013,1264.556473829201
89.0909090909091,0.6222222222222222,1.7911272582027857,1.446869506188561,1274.989898989899
85.45454545454545,0.6515151515151516,1.8012988227268902,1.4282668881842817,1280.5234159779616
100.0,0.5636363636363637,1.8105698345299697,1.4812268921765583,1296.3636363636365
96.36363636363636,0.592929292929293,1.8205791597482675,1.4573077058729131,1314.1469237832873
92.72727272727272,0.6222222222222222,1.8305180126784082,1.4357768485613442,1327.030303030303
89.0909090909091,0.6515151515151516,1.8403540016436315,1.4167581315230726,1335.0137741046835
85.45454545454545,0.6808080808080809,1.850055285093159,1.400370284628187,1338.097337006428
103.63636363636363,0.5636363636363637,1.8517464066961855,1.4712988698024596,1343.504132231405
100.0,0.592929292929293,1.8614329694407958,1.4470780335245268,1363.7373737373737
96.36363636363636,0.6222222222222222,1.8710445850719735,1.4252014544797056,1379.0707070707072
92.72727272727272,0.6515151515151516,1.880548788304388,1.4057926152268363,1389.504132231405
89.0909090909091,0.6808080808080809,1.8899136596125397,1.3889705604839366,1395.0376492194675
85.45454545454545,0.7101010101010101,1.8991078770668421,1.3748472639842833,1395.6712580348944
103.63636363636363,0.592929292929293,1.9034175285599062,1.4373245989059775,1413.32782369146
100.0,0.6222222222222222,1.9127059782032525,1.415129003116434,1431.111111111111
96.36363636363636,0.6515151515151516,1.9218823434558594,1.3953564443505655,1443.9944903581268
92.72727272727272,0.6808080808080809,1.930914626689689,1.3781259715188765,1451.9779614325068
89.0909090909091,0.7101010101010101,1.9397714237117079,1.36355024166425,1455.0615243342518
107.27272727272728,0.592929292929293,1.9465314364209378,1.428032256498854,1462.9182736455466
103.63636363636363,0.6222222222222222,1.9555009482645431,1.4055445484397044,1483.1515151515152
100.0,0.6515151515151516,1.9643535809312782,1.3854350112104903,1498.4848484848485
96.36363636363636,0.6808080808080809,1.9730572585263886,1.3678223928806847,1508.9182736455464
92.72727272727272,0.7101010101010101,1.981580494414514,1.3528197120090395,1514.4517906336087
89.0909090909091,0.7393939393939395,1.9898924429359441,1.3405315916077598,1515.0853994490362
107.27272727272728,0.6222222222222222,1.9994280041250088,1.3964325665757713,1535.1919191919194
103.63636363636363,0.6515151515151516,2.0079611668959974,1.3760130411352065,1552.9752066115702
100.0,0.6808080808080809,2.0163403793663806,1.3580449432239237,1565.858585858586
96.36363636363636,0.7101010101010101,2.0245340722439433,1.342641334916645,1573.842056932966
92.72727272727272,0.7393939393939395,2.0325113132482135,1.3299075775202178,1576.925619834711
110.9090909090909,0.6222222222222222,2.044485406708178,1.3877770063419352,1587.2323232323233
107.27272727272728,0.6515151515151516,2.052703519167637,1.3670746421822952,1607.4655647382924
103.63636363636363,0.6808080808080809,2.060762564756706,1.3487780324084933,1622.7988980716252
100.0,0.7101010101010101,2.0686308912771656,1.3329999705988453,1633.2323232323233
96.36363636363636,0.7393939393939395,2.0762774795606704,1.3198462291101873,1638.7658402203858
92.72727272727272,0.7686868686868688,2.0836719950258793,1.3094129165418813,1639.3994490358127
110.9090909090909,0.6515151515151516,2.09857880660985,1.3586033583723336,1661.955922865014
107.27272727272728,0.6808080808080809,2.1063221408838233,1.3400054135680608,1679.7392102846652
103.63636363636363,0.7101010101010101,2.113869435877869,1.3238797291851225,1692.6225895316802
100.0,0.7393939393939395,2.121189585233756,1.310332165465271,1700.606060606061
96.36363636363636,0.7686868686868688,2.128252163416964,1.2994596272601417,1703.6896235078054
114.54545454545455,0.6515151515151516,2.145584948601268,1.3505822259535625,1716.4462809917359
110.9090909090909,0.6808080808080809,2.153017183984044,1.331710239058951,1736.6795224977045
107.27272727272728,0.7101010101010101,2.16024794004774,1.315264025112045,1752.012855831038
103.63636363636363,0.7393939393939395,2.1672460229084756,1.3013492154201691,1762.4462809917356
100.0,0.7686868686868688,2.1739809157217858,1.2900631808830703,1767.9797979797981
96.36363636363636,0.797979797979798,2.180422830040837,1.2814924751054928,1768.613406795225
118.18181818181819,0.6515151515151516,2.1937196145795657,1.3429938321818435,1770.9366391184576
114.54545454545455,0.6808080808080809,2.200845519829058,1.3238751197557945,1793.619834710744
110.9090909090909,0.7101010101010101,2.2077643868544836,1.3071356357670771,1811.4031221303949
107.27272727272728,0.7393939393939395,2.214444933875403,1.292880474204216,1824.286501377411
103.63636363636363,0.7686868686868688,2.2208565523472297,1.2812071461689234,1832.2699724517906
100.0,0.797979797979798,2.2269693585634904,1.2722030651080756,1835.3535353535356
118.18181818181819,0.6808080808080809,2.249804723287186,1.3164821871258028,1850.5601469237836
114.54545454545455,0.7101010101010101,2.2564165079337,1.299476763803671,1870.7933884297522
110.9090909090909,0.7393939393939395,2.262784207518571,1.2849083647207633,1886.1267217630857
107.27272727272728,0.7686868686868688,2.2688771213724594,1.2728743220106624,1896.5601469237836
103.63636363636363,0.797979797979798,2.274665270082287,1.2634625784977251,1902.0936639118456
100.0,0.8272727272727274,2.2801194466087615,1.2567492801076507,1902.727272727273
121.81818181818181,0.6808080808080809,2.2998921179606056,1.3095131574924068,1907.5004591368229
118.18181818181819,0.7101010101010101,2.306201783067567,1.2922691025057003,1930.1836547291095
114.54545454545455,0.7393939393939395,2.3122614808351383,1.277414702825825,1947.9669421487606
110.9090909090909,0.7686868686868688,2.3180404180103293,1.2650468012490237,1960.850321395776
107.27272727272728,0.797979797979798,2.323508518992533,1.25525354411904,1968.8337924701564
103.63636363636363,0.8272727272727274,2.328636477204319,1.248112009035112,1971.917355371901
121.81818181818181,0.7101010101010101,2.357117439840298,1.2854939035542694,1989.5739210284664
118.18181818181819,0.7393939393939395,2.3628741380314846,1.270380765929233,2009.8071625344357
114.54545454545455,0.7686868686868688,2.368343984143971,1.2577060388089438,2025.1404958677688
110.9090909090909,0.797979797979798,2.373496805875214,1.2475577531516202,2035.5739210284664
107.27272727272728,0.8272727272727274,2.378303196570241,1.2400135902566936,2041.1074380165294
103.63636363636363,0.8565656565656568,2.3827345660571178,1.235138683403867,2041.741046831956
125.45454545454545,0.7101010101010101,2.4091604533689734,1.27913204653842,2048.9641873278238
121.81818181818181,0.7393939393939395,2.414619310196281,1.2637873642121427,2071.6473829201104
118.18181818181819,0.7686868686868688,2.4197851079412356,1.2508329234285058,2089.4306703397615
114.54545454545455,0.797979797979798,2.4246275770519015,1.2403563299458014,2102.314049586777
110.9090909090909,0.8272727272727274,2.429117210223139,1.2324355455907419,2110.2975206611573
107.27272727272728,0.8565656565656568,2.4332253134943356,1.227136717403221,2113.3810835629024
125.45454545454545,0.7393939393939395,2.4674938750498736,1.2576149137415549,2133.4876033057853
121.81818181818181,0.7686868686868688,2.4723608235452357,1.2444078522154793,2153.720844811754
118.18181818181819,0.797979797979798,2.476898024216336,1.233629806711166,2169.0541781450875
114.54545454545455,0.8272727272727274,2.481075868502505,1.2253587035592757,2179.4876033057853
110.9090909090909,0.8565656565656568,2.4848655580217205,1.219661380706594,2185.021120293848
107.27272727272728,0.8858585858585859,2.488239155082904,1.2165916492704878,2185.6547291092747
129.0909090909091,0.7393939393939395,2.5214944567725306,1.2518435107649792,2195.3278236914603
125.45454545454545,0.7686868686868688,2.52606791084264,1.2384108072509503,2218.0110192837465
121.81818181818181,0.797979797979798,2.530305084143632,1.2273582012361224,2235.7943067033975
118.18181818181819,0.8272727272727274,2.534176266220567,1.2187632768070071,2248.6776859504134
114.54545454545455,0.8565656565656568,2.537652553604593,1.212693244879012,2256.6611570247937
110.9090909090909,0.8858585858585859,2.540705900595057,1.209203023537668,2259.744719926538
129.0909090909091,0.7686868686868688,2.580902895309798,1.2328214334617547,2282.3011937557394
125.45454545454545,0.797979797979798,2.5848454384768624,1.2215210967987242,2302.534435261708
121.81818181818181,0.8272727272727274,2.5884152423897016,1.2126289427422163,2317.8677685950415
118.18181818181819,0.8565656565656568,2.591583297794134,1.2062122444786316,2328.30119375574
114.54545454545455,0.8858585858585859,2.594321450252407,1.2023267116612633,2333.8347107438017
110.9090909090909,0.9151515151515153,2.596602450289338,1.201014848350885,2334.468319559229
132.72727272727272,0.7686868686868688,2.6368620479370453,1.2276191170011248,2346.591368227732
129.0909090909091,0.797979797979798,2.6405155135925993,1.216097723430481,2369.2745638200186
125.45454545454545,0.8272727272727274,2.643789380027922,1.2069349265038274,2387.0578512396696
121.81818181818181,0.8565656565656568,2.6466545314735352,1.2001977603129281,2399.9412304866855
118.18181818181819,0.8858585858585859,2.649082703994268,1.1959424156107699,2407.9247015610654
114.54545454545455,0.9151515151515153,2.6510465359150777,1.194212607041884,2411.00826446281
132.72727272727272,0.797979797979798,2.697311480543714,1.2110670397144794,2436.0146923783286
129.0909090909091,0.8272727272727274,2.700295006043296,1.2016600853594825,2456.247933884298
125.45454545454545,0.8565656565656568,2.7028627386823105,1.1946287051434827,2471.581267217631
121.81818181818181,0.8858585858585859,2.704986304236378,1.1900292676615398,2482.0146923783286
118.18181818181819,0.9151515151515153,2.70663822800669,1.187906392092433,2487.548209366392
114.54545454545455,0.9444444444444446,2.7077919845571135,1.1882916212307575,2488.1818181818185
136.36363636363637,0.797979797979798,2.755229255081848,1.2064078143341588,2502.7548209366396
132.72727272727272,0.8272727272727274,2.757928191196153,1.1967829936609418,2525.438016528926
129.0909090909091,0.8565656565656568,2.7602041465195315,1.1894836108927658,2543.2213039485773
125.45454545454545,0.8858585858585859,2.7620286357147554,1.1845659184567865,2556.1046831955923
121.81818181818181,0.9151515151515153,2.763374070203346,1.1820751388618405,2564.0881542699726
118.18181818181819,0.9444444444444446,2.764213808190328,1.182044137026029,2567.171717171718
100.0,1.1202020202020204,2.8128212102540857,1.2246183048430104,2576.464646464647
103.63636363636363,1.090909090909091,2.815873046377754,1.2105965236656246,2600.3305785123966
107.27272727272728,1.0616161616161617,2.81827349812605,1.1989145476422516,2619.2966023875115
110.9090909090909,1.0323232323232325,2.8200426657770183,1.1896160496052324,2633.362718089991
114.54545454545455,1.0030303030303032,2.821201871251173,1.182732806893561,2642.5289256198353
118.18181818181819,0.9737373737373738,2.8217736152163706,1.1782837897267537,2646.7952249770433
103.63636363636363,1.1202020202020204,2.8695438220909777,1.2161806965629498,2670.154269972452
107.27272727272728,1.090909090909091,2.8729476771564304,1.2027739674814848,2691.5702479338847
110.9090909090909,1.0616161616161617,2.8756916517633764,1.1916741369371289,2708.0863177226815
114.54545454545455,1.0323232323232325,2.877795973063984,1.1829210151012,2719.7024793388437
118.18181818181819,1.0030303030303032,2.8792820892630866,1.1765427935648307,2726.4187327823697
121.81818181818181,0.9737373737373738,2.880172626367938,1.1725552503810188,2728.2350780532597
103.63636363636363,1.1494949494949496,2.9229984480801807,1.2233364163121137,2739.9779614325066
107.27272727272728,1.1202020202020204,2.9274367989465064,1.2083022011169002,2763.843893480258
110.9090909090909,1.090909090909091,2.9311875651783685,1.1954937109037789,2782.8099173553724
114.54545454545455,1.0616161616161617,2.93426983951822,1.184957373942093,2796.8760330578516
118.18181818181819,1.0323232323232325,2.936703977226739,1.1767292807968106,2806.0422405876957
121.81818181818181,1.0030303030303032,2.9385115539810887,1.1708342228403326,2810.3085399449037
107.27272727272728,1.1494949494949496,2.9817079337557004,1.215385016282308,2836.1175390266303
110.9090909090909,1.1202020202020204,2.9864967781791094,1.200963956870547,2857.5335169880627
114.54545454545455,1.090909090909091,2.990589182751047,1.1887359588319972,2874.04958677686
118.18181818181819,1.0616161616161617,2.9940043699088914,1.178743645127402,2885.665748393021
121.81818181818181,1.0323232323232325,2.996762824287723,1.1710195478416148,2892.3820018365477
125.45454545454545,1.0030303030303032,2.9988862502565965,1.1655852582350907,2894.198347107438
107.27272727272728,1.178787878787879,3.0357286442710043,1.2239067358188498,2908.391184573003
110.9090909090909,1.1494949494949496,3.0415861186688584,1.2079711070629782,2932.257116620753
114.54545454545455,1.1202020202020204,3.046720133497522,1.1941463361837217,2951.2231404958684
118.18181818181819,1.090909090909091,3.0511487391401104,1.1824802259695062,2965.2892561983476
121.81818181818181,1.0616161616161617,3.054891289074238,1.1730117315254147,2974.455463728191
125.45454545454545,1.0323232323232325,3.0579683986067954,1.1657700036147065,2978.7217630854
107.27272727272728,1.2080808080808083,3.089467021661564,1.2337517537885399,2980.6648301193763
110.9090909090909,1.178787878787879,3.096422906717251,1.2164000749460946,3006.980716253444
114.54545454545455,1.1494949494949496,3.1026292778317863,1.2010752689112685,3028.396694214877
118.18181818181819,1.1202020202020204,3.1081029747995137,1.1878290283599728,3044.912764003674
121.81818181818181,1.090909090909091,3.112862180468488,1.176705425070302,3056.5289256198353
125.45454545454545,1.0616161616161617,3.1169263807335605,1.1677399008619582,3063.2451790633613
129.0909090909091,1.0323232323232325,3.120316322902073,1.1609584161889859,3065.061524334252
110.9090909090909,1.2080808080808083,3.150974990751317,1.2261359518927555,3081.7043158861347
114.54545454545455,1.178787878787879,3.158283693722061,1.2094083305183052,3105.5702479338847
118.18181818181819,1.1494949494949496,3.1648334216891314,1.194677408470226,3124.5362718089996
121.81818181818181,1.1202020202020204,3.170641148090211,1.1819911264417713,3138.602387511479
125.45454545454545,1.090909090909091,3.175725189696533,1.1713899580223261,3147.768595041323
129.0909090909091,1.0616161616161617,3.180105166228138,1.1629060014535013,3152.0348943985314
110.9090909090909,1.2373737373737375,3.205210783478071,1.2370653319148859,3156.4279155188246
114.54545454545455,1.2080808080808083,3.2136509873583368,1.2190313801718904,3182.7438016528936
118.18181818181819,1.178787878787879,3.2213069162229875,1.2029116651942882,3204.1597796143255
121.81818181818181,1.1494949494949496,3.2281942960571595,1.18875684374819,3220.6758494031224
125.45454545454545,1.1202020202020204,3.2343302354828856,1.176611216821968,3232.2920110192845
129.0909090909091,1.090909090909091,3.239733186683589,1.1665118087074706,3239.00826446281
132.72727272727272,1.0616161616161617,3.2444229046434554,1.1584875568152477,3240.8246097337005
114.54545454545455,1.2373737373737375,3.2686993292108815,1.2298318657182885,3259.917355371901
118.18181818181819,1.2080808080808083,3.2774908228889705,1.2124184916400391,3283.783287419652
121.81818181818181,1.178787878787879,3.285488219806332,1.1968896622938552,3302.749311294766
125.45454545454545,1.1494949494949496,3.2927073821439006,1.1832923918837635,3316.815426997245
129.0909090909091,1.1202020202020204,3.299165555280114,1.1716674706384023,3325.9816345270897
132.72727272727272,1.090909090909091,3.3048813283306435,1.162048636600403,3330.2479338842977
114.54545454545455,1.2666666666666668,3.3233974897790945,1.2416999357468153,3337.09090909091
118.18181818181819,1.2373737373737375,3.3333530704428664,1.2230862547307533,3363.4067952249775
121.81818181818181,1.2080808080808083,3.3424900426893833,1.2062771706712818,3384.82277318641
125.45454545454545,1.178787878787879,3.3508229847476265,1.191321411395152,3401.3388429752067
129.0909090909091,1.1494949494949496,3.3583678966512247,1.178262458696438,3412.955004591369
132.72727272727272,1.1202020202020204,3.3651421621374755,1.1671377359387207,3419.6712580348944
136.36363636363637,1.090909090909091,3.3711645088048723,1.15797787011302,3421.487603305786
118.18181818181819,1.2666666666666668,3.388862187792994,1.2348060850297349,3443.0303030303035
121.81818181818181,1.2373737373737375,3.3991674523005315,1.2168087154089018,3466.8962350780535
125.45454545454545,1.2080808080808083,3.4086439261058485,1.200586816164777,3485.8622589531683
129.0909090909091,1.178787878787879,3.4173063261341223,1.186185595717188,3499.9283746556475
132.72727272727272,1.1494949494949496,3.425170791958294,1.173645129041341,3509.0945821854916
136.36363636363637,1.1202020202020204,3.4322548473084282,1.1629996296445113,3513.3608815427006
118.18181818181819,1.2959595959595962,3.443987339534373,1.247472771213713,3522.65381083563
121.81818181818181,1.2666666666666668,3.4554887364957336,1.2283764673190571,3548.969696969697
125.45454545454545,1.2373737373737375,3.466137653234947,1.2109789879408326,3570.38567493113
129.0909090909091,1.2080808080808083,3.47594748662803,1.195326426490915,3586.901744719927
132.72727272727272,1.178787878787879,3.484933094069043,1.1814605803423133,3598.5179063360883
136.36363636363637,1.1494949494949496,3.4931107563885657,1.169418257026344,3605.2341597796153
140.0,1.1202020202020204,3.500498138972291,1.1592306284062044,3607.0505050505058
121.81818181818181,1.2959595959595962,3.5114228190621954,1.240876294704712,3631.0431588613415
125.45454545454545,1.2666666666666668,3.523272213508484,1.222391191187732,3654.9090909090914
129.0909090909091,1.2373737373737375,3.5342585851861905,1.2055764185439088,3673.8751147842063
132.72727272727272,1.2080808080808083,3.5443954721140623,1.1904746853148365,3687.9412304866855
136.36363636363637,1.178787878787879,3.5536978739591785,1.1771245003710291,3697.1074380165296
140.0,1.1494949494949496,3.562182214557623,1.1655595552080549,3701.373737373737
121.81818181818181,1.3252525252525256,3.5669392949952785,1.2542084483493718,3713.116620752985
125.45454545454545,1.2959595959595962,3.580016290459527,1.234720424208599,3739.432506887053
129.0909090909091,1.2666666666666668,3.5922074292998483,1.2168299783935645,3760.848484848485
132.72727272727272,1.2373737373737375,3.6035248938284843,1.2005800426772633,3777.364554637282
136.36363636363637,1.2080808080808083,3.6139823650987237,1.1860100474269935,3788.9807162534444
121.81818181818181,1.3545454545454547,3.622008465344371,1.2682780704929213,3795.1900826446285
140.0,1.178787878787879,3.6235949868845516,1.1731553481551897,3795.6969696969704
143.63636363636363,1.1494949494949496,3.6323793278049745,1.1620466819570123,3797.5133149678604
125.45454545454545,1.3252525252525256,3.6363392391932443,1.2478680849623833,3823.9559228650146
129.0909090909091,1.2959595959595962,3.6497624628338023,1.228985279886421,3847.8218549127646
132.72727272727272,1.2666666666666668,3.6622889274530968,1.2116722443211505,3866.787878787879
136.36363636363637,1.2373737373737375,3.673930958900435,1.1959686683392798,3880.8539944903587
140.0,1.2080808080808083,3.6847023831848054,1.1819108237606903,3890.0202020202028
125.45454545454545,1.3545454545454547,3.692211121365287,1.2617404639415652,3908.4793388429757
129.0909090909091,1.3252525252525256,3.7068928015710867,1.2419449103710658,3934.795224977044
132.72727272727272,1.2959595959595962,3.720655777800501,1.223650680281485,3956.2112029384757
121.81818181818181,1.4131313131313135,3.730689829467731,1.2982767075430581,3959.337006427916
136.36363636363637,1.2666666666666668,3.7335109850167703,1.2068971785880411,3972.727272727274
140.0,1.2373737373737375,3.745470894616896,1.1917209586663744,3984.3434343434346
125.45454545454545,1.383838383838384,3.7476027396882907,1.2762490811356408,3993.0027548209373
129.0909090909091,1.3545454545454547,3.763568268325181,1.2556163472056219,4021.768595041323
132.72727272727272,1.3252525252525256,3.778594321931509,1.2364191648827023,4045.6345270890733
136.36363636363637,1.2959595959595962,3.7926904098555756,1.2186962201229148,4064.600550964188
125.45454545454545,1.4131313131313135,3.802485671922372,1.2913108866857839,4077.526170798899
140.0,1.2666666666666668,3.805867612938285,1.2024838250694136,4078.666666666667
118.18181818181819,1.5010101010101013,3.816671707108788,1.3548304359510368,4080.018365472912
143.63636363636363,1.2373737373737375,3.818138550164737,1.1878155131092538,4087.8328741965106
129.0909090909091,1.383838383838384,3.8197594275787825,1.2699122815480337,4108.7419651056025
132.72727272727272,1.3545454545454547,3.836074144398922,1.2498863966652427,4135.05785123967
136.36363636363637,1.3252525252525256,3.8514378723859197,1.2312708671862185,4156.473829201103
125.45454545454545,1.4424242424242426,3.8568323043105837,1.3068483457273865,4162.04958677686
140.0,1.2959595959595962,3.865860266830052,1.214101347665224,4172.9898989899
129.0909090909091,1.4131313131313135,3.875437619608343,1.2847508088110597,4195.715335169882
121.81818181818181,1.5010101010101013,3.8896589798728716,1.34674374827264,4205.557392102847
132.72727272727272,1.383838383838384,3.8930655720185676,1.2639662689342128,4224.481175390267
136.36363636363637,1.3545454545454547,3.9097227195132183,1.2445310695087974,4248.347107438018
140.0,1.3252525252525256,3.925417257831689,1.226479888936542,4267.3131313131325
129.0909090909091,1.4424242424242426,3.9305749940522103,1.3000555059599814,4282.68870523416
121.81818181818181,1.5303030303030305,3.9414644402554835,1.3635483863100542,4287.630853994491
132.72727272727272,1.4131313131313135,3.949539708125668,1.2785780500566848,4313.904499540864
125.45454545454545,1.5010101010101013,3.9638104533356255,1.3390675177582143,4331.096418732784
136.36363636363637,1.383838383838384,3.967515040980273,1.2583919495848765,4340.220385674932
140.0,1.3545454545454547,3.984507695845024,1.2395306755268571,4361.636363636364
129.0909090909091,1.471717171717172,3.9851445428832966,1.3157554153979962,4369.66207529844
121.81818181818181,1.5595959595959599,3.99263728911642,1.3805778788582386,4369.704315886134
143.63636363636363,1.3252525252525256,4.000526016512436,1.2220260283695181,4378.152433425162
132.72727272727272,1.4424242424242426,4.005468466274804,1.293646453339999,4403.32782369146
125.45454545454545,1.5303030303030305,4.016391077205904,1.3556212709039415,4415.619834710745
136.36363636363637,1.4131313131313135,4.024785703754273,1.27277397287103,4432.093663911847
129.0909090909091,1.5010101010101013,4.039120132745073,1.3317849538997468,4456.635445362719
143.63636363636363,1.3545454545454547,4.060422508403755,1.2348654480842476,4474.925619834711
132.72727272727272,1.471717171717172,4.0608246033447495,1.3091016158483075,4492.751147842057
125.45454545454545,1.5595959595959599,4.068333678035478,1.3723944177421006,4500.143250688706
136.36363636363637,1.4424242424242426,4.081506385858317,1.2876030103720648,4523.9669421487615
129.0909090909091,1.5303030303030305,4.092476536610269,1.3480837632454807,4543.608815426997
140.0,1.4131313131313135,4.101169103995041,1.2673197922412394,4550.2828282828295
63.63636363636363,3.1121212121212123,4.10770032650267,2.3934650995484805,4555.013774104683
118.18181818181819,1.6767676767676771,4.11301159317279,1.4595967450558964,4557.7594123048675
132.72727272727272,1.5010101010101013,4.115581752005523,1.3248790042211038,4582.174471992655
63.63636363636363,3.141414141414142,4.118884063310057,2.4002045424033756,4597.887970615244
63.63636363636363,3.170707070707071,4.130197660744687,2.4066141741538543,4640.762167125804
63.63636363636363,3.2,4.141683403419143,2.412696291173166,4683.636363636363
67.27272727272727,3.053535353535354,4.169469461069505,2.3576993783272213,4724.651974288338
67.27272727272727,3.082828282828283,4.180785653398856,2.365170477097454,4769.976124885216
67.27272727272727,3.1121212121212123,4.192137708408459,2.372315273977655,4815.300275482094
67.27272727272727,3.141414141414142,4.203566569507384,2.3791356241245967,4860.624426078972
67.27272727272727,3.170707070707071,4.215113882541673,2.385633531619503,4905.948576675849
67.27272727272727,3.2,4.226821957163238,2.391811163420709,4951.272727272727
70.9090909090909,3.053535353535354,4.254642297098721,2.336778302684346,4980.038567493114
70.9090909090909,3.082828282828283,4.26622532197039,2.3443153648496033,5027.812672176308
70.9090909090909,3.1121212121212123,4.277832673545571,2.3515338227582685,5075.586776859504
70.9090909090909,3.141414141414142,4.289505307898372,2.3584354175580517,5123.3608815427
70.9090909090909,3.170707070707071,4.301284888968718,2.36502202908744,5171.134986225896
70.9090909090909,3.2,4.313213749882202,2.371295690197634,5218.909090909091
74.54545454545455,3.053535353535354,4.34106929534613,2.316220880976601,5235.425160697889
74.54545454545455,3.082828282828283,4.352917941257007,2.3238240000517276,5285.649219467402
74.54545454545455,3.1121212121212123,4.364779285613054,2.3311163080363486,5335.873278236915
74.54545454545455,3.141414141414142,4.376694295601224,2.33809942733259,5386.0973370064285
74.54545454545455,3.170707070707071,4.388704651695704,2.3447751088069295,5436.321395775942
74.54545454545455,3.2,4.400852708931165,2.3511452464915896,5486.545454545455
78.18181818181819,3.053535353535354,4.428744328280537,2.2960225444977516,5490.811753902664
78.18181818181819,3.082828282828283,4.44085733507029,2.30369176620732,5543.485766758495
78.18181818181819,3.1121212121212123,4.4529713209185315,2.3110580605531803,5596.159779614326
78.18181818181819,3.141414141414142,4.4651272625748195,2.318122926434497,5648.833792470157
78.18181818181819,3.170707070707071,4.477366855489715,2.32488798099994,5701.507805325988
78.18181818181819,3.2,4.489732475042403,2.3313549747395848,5754.181818181819
81.81818181818181,3.082828282828283,4.530037039795495,2.2839138236158862,5801.3223140495875
81.81818181818181,3.1121212121212123,4.542402268565198,2.2913541879171966,5856.446280991736
81.81818181818181,3.141414141414142,4.554797651819207,2.298500964642101,5911.570247933885
81.81818181818181,3.170707070707071,4.567264898427764,2.305355632467546,5966.694214876034
81.81818181818181,3.2,4.579846402551389,2.3119197936153353,6021.818181818182
85.45454545454545,3.082828282828283,4.620450304652087,2.26448511828438,6059.15886134068
85.45454545454545,3.1121212121212123,4.633065330725962,2.271999583670544,6116.732782369147
85.45454545454545,3.141414141414142,4.645698619662707,2.2792283777565294,6174.306703397613
85.45454545454545,3.170707070707071,4.658391892197776,2.286172835994492,6231.8806244260795
85.45454545454545,3.2,4.6711875597105825,2.292834407617588,6289.454545454545
89.0909090909091,3.082828282828283,4.7120900920427085,2.2454003916280163,6316.995408631773
89.0909090909091,3.1121212121212123,4.724953423005457,2.252988937145202,6377.0192837465565
89.0909090909091,3.141414141414142,4.737823036137396,2.2602997976230603,6437.043158861342
89.0909090909091,3.170707070707071,4.750740662486322,2.267334160545399,6497.0670339761255
89.0909090909091,3.2,4.763748729089741,2.2740933174515017,6557.09090909091
92.72727272727272,3.082828282828283,4.804949077988772,2.2266541909532562,6574.831955922866
92.72727272727272,3.1121212121212123,4.818059174889257,2.2343167441006266,6637.305785123966
92.72727272727272,3.141414141414142,4.831163485441398,2.2417096629335083,6699.779614325069
92.72727272727272,3.170707070707071,4.8443037494544745,2.2488339822425365,6762.253443526171
92.72727272727272,3.2,4.857522408064564,2.255690831191864,6824.727272727272
96.36363636363636,3.082828282828283,4.899019652655624,2.2082408807121463,6832.6685032139585
96.36363636363636,3.1121212121212123,4.9123749302819775,2.2159773181314417,6897.592286501378
96.36363636363636,3.141414141414142,4.925712266489618,2.223452230797458,6962.516069788798
96.36363636363636,3.170707070707071,4.939073408301131,2.230666496110983,7027.439853076216
96.36363636363636,3.2,4.952500809393005,2.237621076213473,7092.363636363637
100.0,3.1121212121212123,5.007892748132787,2.1979648028301497,7157.878787878789
100.0,3.141414141414142,5.021461393553044,2.205521589066483,7225.2525252525265
100.0,3.170707070707071,5.0350416099147255,2.2128257285753126,7292.626262626263
100.0,3.2,5.048675861879068,2.2198780118709176,7360.0
103.63636363636363,3.1121212121212123,5.104604403149895,2.180273184687094,7418.165289256198
103.63636363636363,3.141414141414142,5.118402596985101,2.1879116693925797,7487.988980716254
103.63636363636363,3.170707070707071,5.132200041613159,2.195305550687323,7557.812672176308
103.63636363636363,3.2,5.146039211125595,2.2024554429069325,7627.636363636363
107.27272727272728,3.1121212121212123,5.202501386603178,2.162896306707116,7678.45179063361
107.27272727272728,3.141414141414142,5.2165273240380685,2.1706162609988895,7750.725436179984
107.27272727272728,3.170707070707071,5.230540107971902,2.1780996920623767,7822.999081726355
107.27272727272728,3.2,5.2445822203744275,2.1853470335651806,7895.272727272728
110.9090909090909,3.1121212121212123,5.30157490721535,2.145827882719127,7938.738292011019
110.9090909090909,3.141414141414142,5.31582673976655,2.1536290251388603,8013.461891643711
110.9090909090909,3.170707070707071,5.330052931740396,2.161201755498711,8088.185491276401
110.9090909090909,3.2,5.344295971435554,2.1685463223814776,8162.909090909092
114.54545454545455,3.1121212121212123,5.401815892142196,2.1290615123525956,8199.02479338843
114.54545454545455,3.141414141414142,5.416291728020151,2.136943510215994,8276.19834710744
114.54545454545455,3.170707070707071,5.4307293548472355,2.1446052322521933,8353.371900826447
114.54545454545455,3.2,5.445171265703812,2.1520467376240244,8430.545454545454
118.18181818181819,3.1121212121212123,5.503214988040435,2.1125906966527643,8459.311294765841
118.18181818181819,3.141414141414142,5.517912892524312,2.120553167535803,8538.934802571168
118.18181818181819,3.170707070707071,5.532559939493139,2.128303517935754,8618.558310376495
118.18181818181819,3.2,5.54719862526464,2.1358416133516567,8698.18181818182
121.81818181818181,3.1121212121212123,5.605762562225268,2.096408854303799,8719.59779614325
121.81818181818181,3.141414141414142,5.620680558050111,2.104451367658172,8801.671258034896
121.81818181818181,3.170707070707071,5.635534969333129,2.1122899290119403,8883.744719926539
121.81818181818181,3.2,5.650368294087493,2.119924206057364,8965.818181818182
125.45454545454545,3.1121212121212123,5.70944870391571,2.0805093384282234,8979.88429752066
125.45454545454545,3.141414141414142,5.7245847716719584,2.088631417317521,9064.407713498624
125.45454545454545,3.170707070707071,5.7396444507458195,2.0965577198445406,9148.931129476585
125.45454545454545,3.2,5.754670239307794,2.104287711861785,9233.454545454546
129.0909090909091,3.1121212121212123,5.8142632255684905,2.0648854539286066,9240.170798898072
129.0909090909091,3.141414141414142,5.829615304113909,2.073086576876261,9327.144168962352
129.0909090909091,3.170707070707071,5.844878114192506,2.0811001002742953,9414.11753902663
129.0909090909091,3.2,5.860094152596749,2.0889252842213613,9501.09090909091
132.72727272727272,3.141414141414142,5.93576165118368,2.0578100782760784,9589.88062442608
132.72727272727272,3.170707070707071,5.951225415662435,2.0659102536822096,9679.303948576677
132.72727272727272,3.2,5.966629451619117,2.073830052113678,9768.727272727274
136.36363636363637,3.141414141414142,6.043013035295493,2.0427951434507503,9852.61707988981
136.36363636363637,3.170707070707071,6.058675538207585,2.0509813555038683,9944.490358126724
136.36363636363637,3.2,6.074265281578892,2.058995138662641,10036.363636363638
140.0,3.141414141414142,6.151358407079664,2.0280350031637266,10115.353535353537
140.0,3.170707070707071,6.167217393563816,2.0363065921571364,10209.676767676769
140.0,3.2,6.182990516851962,2.0444136801652233,10304.0
143.63636363636363,3.141414141414142,6.2607864470805605,2.0135229162333577,10378.089990817263
143.63636363636363,3.170707070707071,6.276839623860361,2.021879180345784,10474.863177226815
143.63636363636363,3.2,6.292793762706777,2.0300788454819574,10571.636363636364
147.27272727272725,3.141414141414142,6.371285567541433,1.9992521891089896,10640.826446280991
147.27272727272725,3.170707070707071,6.387530603415821,2.007692386701489,10740.04958677686
147.27272727272725,3.2,6.403663357111313,2.015983855752802,10839.272727272726
150.9090909090909,3.141414141414142,6.4828439142761365,1.9852161957609167,10903.56290174472
150.9090909090909,3.170707070707071,6.499278440621365,1.9937395477273614,11005.235996326906
150.9090909090909,3.2,6.515587372626955,2.0021220044015924,11106.909090909092
154.54545454545456,3.141414141414142,6.595449368627454,1.971408397848579,11166.29935720845
154.54545454545456,3.170707070707071,6.612070979909728,1.980014090006528,11270.422405876952
154.54545454545456,3.2,6.628553618388882,1.9884866773917798,11374.545454545456
158.1818181818182,3.141414141414142,6.709089549511849,1.9578223651313975,11429.035812672179
158.1818181818182,3.170707070707071,6.725895803811186,1.9665095506402284,11535.608815426998
158.1818181818182,3.2,6.742549642171737,1.975071373697883,11642.18181818182
161.8181818181818,3.141414141414142,6.823751815549636,1.9444517960880399,11691.772268135906
161.8181818181818,3.170707070707071,6.840740235094248,1.9532195978810287,11800.795224977044
161.8181818181818,3.2,6.857562732541427,1.9618697259581126,11909.818181818184
165.45454545454544,3.141414141414142,6.939423267280757,1.931290538711053,11954.508723599634
165.45454545454544,3.170707070707071,6.9565913389920215,1.9401380519276301,12065.981634527088
165.45454545454544,3.2,6.973579921091242,1.948875521274497,12177.454545454544
169.0909090909091,3.141414141414142,7.056090749465193,1.9183326114447465,12217.245179063362
169.0909090909091,3.170707070707071,7.073435925512961,1.9272589058497225,12331.168044077138
169.0909090909091,3.2,7.090587984763018,1.9360827221286074,12445.09090909091
172.72727272727272,3.141414141414142,7.173740853467601,1.9055722242357647,12479.981634527088
172.72727272727272,3.170707070707071,7.191260551836162,1.9145763466115995,12596.354453627182
172.72727272727272,3.2,7.208573448252002,1.9234854873820673,12712.727272727274
176.36363636363637,3.141414141414142,7.292359919725969,1.8930037996671016,12742.71808999082
176.36363636363637,3.170707070707071,7.3100515247893725,1.9020847761658775,12861.540863177228
176.36363636363637,3.2,7.327522586494986,1.9110781933327645,12980.363636363636
180.0,3.141414141414142,7.411934040303201,1.88062199414754,13005.454545454546
180.0,3.170707070707071,7.429794903411013,1.8897788325889264,13126.727272727274
180.0,3.2,7.4474214272413715,1.898855454798889,13248.0
183.63636363636363,3.141414141414142,7.532449061521112,1.8684217191295789,13268.191000918274
183.63636363636363,3.170707070707071,7.5504765015937325,1.8776534112316876,13391.913682277318
183.63636363636363,3.2,7.568255753706378,1.8868121462041552,13515.636363636364
187.27272727272725,3.141414141414142,7.653890586676186,1.8563981623306307,13530.927456382002
187.27272727272725,3.170707070707071,7.672081890809743,1.865703685860181,13657.100091827364
187.27272727272725,3.2,7.690011107305495,1.8749434226390644,13783.272727272726
190.9090909090909,3.141414141414142,7.776243978837194,1.8445468089320798,13793.663911845731
190.9090909090909,3.170707070707071,7.794596402917372,1.853925129761198,13922.286501377412
190.9090909090909,3.2,7.81267279047003,1.863244740873686,14050.90909090909
194.54545454545453,3.141414141414142,7.899494363721957,1.8328634627328761,14056.400367309458
194.54545454545453,3.170707070707071,7.918005133047582,1.8423135367893213,14187.472910927458
194.54545454545453,3.2,7.93622586954214,1.8517118802985062,14318.545454545454
198.1818181818182,3.141414141414142,8.02362663265494,1.8213442672334519,14319.13682277319
198.1818181818182,3.170707070707071,8.04229294257008,1.830865042331877,14452.659320477505
198.1818181818182,3.2,8.060655177749753,1.8403409637699963,14586.18181818182
201.8181818181818,3.170707070707071,8.167444462137741,1.8195761441682512,14717.845730027548
201.8181818181818,3.2,8.185945318259291,1.8291284783378352,14853.818181818184
205.45454545454544,3.170707070707071,8.293444094809214,1.8084437232001558,14983.032139577594
205.45454545454544,3.2,8.312080667306407,1.8180712958306078,15121.454545454546
209.0909090909091,3.170707070707071,8.420276019248048,1.797465064027842,15248.218549127641
209.0909090909091,3.2,8.439045377403115,1.8071666932753445,15389.09090909091
212.72727272727272,3.170707070707071,8.547924192998334,1.7866378753466212,15513.404958677687
212.72727272727272,3.2,8.566823380620878,1.7964123731256163,15656.727272727274
216.36363636363635,3.170707070707071,8.676372355834719,1.7759603101356798,15778.591368227731
216.36363636363635,3.2,8.695398391948599,1.7858064832706657,15924.363636363636
220.0,3.170707070707071,8.805604033187207,1.76543098560859,16043.777777777781
220.0,3.2,8.824753912724317,1.7753476367952858,16192.0
223.63636363636363,3.170707070707071,8.935602539638664,1.7550490028918282,16308.964187327825
223.63636363636363,3.2,8.954873234139917,1.765034931457596,16459.636363636364
227.27272727272728,3.170707070707071,9.066350982494397,1.7448139663934608,16574.15059687787
227.27272727272728,3.2,9.085739440817562,1.754867968846957,16727.272727272728
230.9090909090909,3.170707070707071,9.19783226542302,1.7347260028190639,16839.337006427915
230.9090909090909,3.2,9.217335414457178,1.7448468731800768,16994.909090909092
234.54545454545453,3.170707070707071,9.330029092166813,1.7247857797866306,17104.52341597796
234.54545454545453,3.2,9.3496438375532,1.7349723096879144,17262.545454545452
238.1818181818182,3.170707070707071,9.462923970321429,1.7149945239855553,17369.70982552801
238.1818181818182,3.2,9.482647197180297,1.7252455025386788,17530.18181818182
241.8181818181818,3.170707070707071,9.596499215182547,1.7053540388169723,17634.896235078057
241.8181818181818,3.2,9.616327788846329,1.7156682522358608,17797.818181818184
245.45454545454544,3.170707070707071,9.730736953659717,1.6958667214448602,17900.0826446281
245.45454545454544,3.2,9.750667720411261,1.7062429524212879,18065.454545454548
249.0909090909091,3.170707070707071,9.865619128254892,1.686535579177402,18165.26905417815
249.0909090909091,3.2,9.8856489160716,1.6969726060042103,18333.090909090908
252.72727272727272,3.170707070707071,10.0011275011053,1.677364245088402,18430.45546372819
252.72727272727272,3.2,10.02125312040839,1.6878608405272872,18600.727272727272
256.3636363636364,3.170707070707071,10.137243658088856,1.6683569927769528,18695.64187327824
256.3636363636364,3.2,10.157461902497346,1.678911922669751,18868.36363636364
260.0,3.170707070707071,10.273949012991192,1.659518750151916,18960.828282828283
260.0,3.2,10.294256660080887,1.6701307717757796,19136.0
263.6363636363636,3.170707070707071,10.411224811732762,1.6508551121147186,19226.01469237833
263.6363636363636,3.2,10.43161862379963,1.661522972283837,19403.636363636364
267.27272727272725,3.170707070707071,10.549052136654696,1.642372352000971,19491.201101928375
267.27272727272725,3.2,10.569528861482121,1.6530947849197755,19671.272727272728
270.9090909090909,3.170707070707071,10.687411910862233,1.6340774316271347,19756.38751147842
270.9090909090909,3.2,10.70796828249271,1.644853156502828,19938.909090909092
274.5454545454545,3.170707070707071,10.826284902623874,1.6259780097747318,20021.573921028466
274.5454545454545,3.2,10.846917642134025,1.6368057281996025,20206.545454545452
278.1818181818182,3.170707070707071,10.965651729825485,1.6180824489300139,20286.760330578512
278.1818181818182,3.2,10.986357546104944,1.628960842047695,20474.18181818182
281.8181818181818,3.170707070707071,11.105492864477329,1.6103998200832854,20551.94674012856
281.8181818181818,3.2,11.126268455010361,1.621327545556411,20741.818181818184
285.45454545454544,3.170707070707071,11.245788637273009,1.602939905378245,20817.133149678604
285.45454545454544,3.2,11.266630688923232,1.6139155941794125,21009.454545454548
289.0909090909091,3.170707070707071,11.386519242198297,1.5957131983899546,21082.319559228654
289.0909090909091,3.2,11.407424431996311,1.6067354514416756,21277.09090909091
292.72727272727275,3.170707070707071,11.527664741189009,1.5887309017982116,21347.5059687787
292.72727272727275,3.2,11.54862973712213,1.599798286492694,21544.727272727276
296.3636363636364,3.170707070707071,11.669205068835705,1.582004922214849,21612.692378328746
296.3636363636364,3.2,11.690226530640132,1.5931159688489258,21812.36363636364
300.0,3.170707070707071,11.811120037134366,1.5755478619160743,21877.87878787879
300.0,3.2,11.832194617089005,1.5867010600819433,22080.0
303.6363636363636,3.170707070707071,11.953389340280868,1.5693730072288326,22143.065197428834
303.6363636363636,3.2,11.97451368400285,1.580566802206482,22347.636363636364
307.27272727272725,3.170707070707071,12.095992559507845,1.5634943133192236,22408.25160697888
307.27272727272725,3.2,12.117163306749712,1.5747271025216518,22615.272727272728
310.9090909090909,3.170707070707071,12.2389091679626,1.557926385137611,22673.438016528926
310.9090909090909,3.2,12.26012295341029,1.5691965146651834,22882.909090909092
314.5454545454545,3.170707070707071,12.382118535623938,1.5526844542840998,22938.62442607897
314.5454545454545,3.2,12.403371989695733,1.5639902156495948,23150.545454545452
318.1818181818182,3.170707070707071,12.52559993425698,1.547784351575376,23203.81083562902
318.1818181818182,3.2,12.546889683903006,1.5591239786654048,23418.18181818182
321.8181818181818,3.170707070707071,12.669332542403327,1.5432424751160294,23468.997245179067
321.8181818181818,3.2,12.690655211905629,1.5546141414595216,23685.81818181818
325.45454545454544,3.170707070707071,12.81329545040596,1.5390757537087736,23734.18365472911
325.45454545454544,3.2,12.834647662178277,1.5504775701254554,23953.454545454548
329.09090909090907,3.170707070707071,12.957467665466298,1.5353016054744586,23999.370064279155
329.09090909090907,3.2,12.978846040853938,1.546731618179673,24221.090909090908
332.7272727272727,3.170707070707071,13.101828116732214,1.5319378916002044,24264.5564738292
332.7272727272727,3.2,13.123229276811367,1.5433940808428865,24488.727272727272
336.3636363636364,3.170707070707071,13.24635566041501,1.5290028651868715,24529.74288337925
336.3636363636364,3.2,13.267776226791456,1.5404831444976101,24756.36363636364
340.0,3.170707070707071,13.391029084934168,1.5265151152299297,24794.929292929297
340.0,3.2,13.412465680540764,1.5380173313541632,25024.0
343.6363636363636,3.170707070707071,13.535827116086903,1.5244935058370637,25060.11570247934
343.6363636363636,3.2,13.557276365980204,1.5360154394246337,25291.636363636368
347.27272727272725,3.170707070707071,13.680728422242549,1.5229571108625863,25325.302112029385
347.27272727272725,3.2,13.702186954397625,1.5344964779792578,25559.272727272728
350.9090909090909,3.170707070707071,13.825711619558158,1.521925144220838,25590.488521579427
350.9090909090909,3.2,13.847176065661808,1.5334795987394987,25826.90909090909
354.54545454545456,3.170707070707071,13.970755277215034,1.5214168862271988,25855.67493112948
354.54545454545456,3.2,13.992222273457006,1.5329840231465501,26094.54545454546
358.1818181818182,3.170707070707071,14.115837922673265,1.5214516064048076,26120.861340679527
358.1818181818182,3.2,14.137304110535268,1.5330289661309129,26362.18181818182
361.8181818181818,3.170707070707071,14.260938046943483,1.5220484832833812,26386.047750229573
361.8181818181818,3.2,14.282400073985341,1.5336335568953294,26629.81818181818
365.45454545454544,3.170707070707071,14.406034109872941,1.5232265218042713,26651.234159779615
365.45454545454544,3.2,14.427488630516645,1.5348167573088372,26897.454545454548
369.09090909090907,3.170707070707071,14.551104545445419,1.5250044690271345,26916.420569329657
369.09090909090907,3.2,14.572548221755412,1.5365972785894937,27165.090909090908
372.7272727272727,3.170707070707071,14.696127767091756,1.5274007289083702,27181.606978879707
372.7272727272727,3.2,14.717557269552248,1.5389934970268033,27432.727272727272
376.3636363636364,3.170707070707071,14.841082173009962,1.5304332769838722,27446.793388429753
376.3636363636364,3.2,14.862494181299082,1.5420233695563466,27700.36363636364
380.0,3.170707070707071,14.985946151493586,1.5341195758393842,27711.979797979802
