wafer_um,pulse_regime,duty_cycle,plasma_s,groove_depth_um,groove_width_um,HAZ_depth_um,plasma_depth_um,total_depth_um,fully_diced,street_width_um,final_AR,die_strength_MPa,delamination_risk,lowk_damage_nm,throughput_mm2_s
25,ns,1.0,450.0,0.952,19.878,15.952,21.523,22.475,False,20.722,1.13,160.4,0.3625,21.4,1.325
25,ns,0.2,450.0,0.952,19.878,15.952,8.422,9.374,False,19.944,0.47,160.2,0.3554,8.0,1.325
25,ps,1.0,450.0,0.443,17.422,2.243,21.39,21.833,False,18.26,1.25,416.3,0.0314,21.4,1.325
25,ps,0.2,450.0,0.443,17.422,2.243,8.402,8.845,False,17.488,0.51,410.7,0.0243,8.0,1.325
25,fs,1.0,450.0,0.219,19.362,0.444,21.498,21.717,False,20.204,1.12,961.2,0.013,21.4,1.325
25,fs,0.2,450.0,0.219,19.362,0.444,8.418,8.637,False,19.428,0.45,953.3,0.0059,8.0,1.325
50,ns,1.0,900.0,0.952,19.878,15.952,41.203,42.155,False,21.494,2.12,160.4,0.3625,21.4,0.7188
50,ns,0.2,900.0,0.952,19.878,15.952,16.562,17.514,False,20.008,0.88,160.4,0.3554,8.0,0.7188
50,ps,1.0,900.0,0.443,17.422,2.243,40.702,41.145,False,19.018,2.36,421.5,0.0314,21.4,0.7188
50,ps,0.2,900.0,0.443,17.422,2.243,16.484,16.927,False,17.552,0.97,411.2,0.0243,8.0,0.7188
50,fs,1.0,900.0,0.219,19.362,0.444,41.108,41.327,False,20.974,2.13,961.2,0.013,21.4,0.7188
50,fs,0.2,900.0,0.219,19.362,0.444,16.548,16.767,False,19.492,0.87,954.2,0.0059,8.0,0.7188
75,ns,1.0,1350.0,0.952,19.878,15.952,59.196,60.148,False,22.198,3.03,160.4,0.3625,21.4,0.4932
75,ns,0.2,1350.0,0.952,19.878,15.952,24.43,25.382,False,20.07,1.28,160.4,0.3554,8.0,0.4932
75,ps,1.0,1350.0,0.443,17.422,2.243,58.137,58.58,False,19.7,3.36,425.8,0.0314,21.4,0.4932
75,ps,0.2,1350.0,0.443,17.422,2.243,24.258,24.701,False,17.612,1.42,411.6,0.0243,8.0,0.4932
75,fs,1.0,1350.0,0.219,19.362,0.444,58.994,59.213,False,21.674,3.06,961.2,0.013,21.4,0.4932
75,fs,0.2,1350.0,0.219,19.362,0.444,24.397,24.616,False,19.554,1.27,955.0,0.0059,8.0,0.4932
100,ns,1.0,1800.0,0.952,19.878,15.952,75.645,76.597,False,22.844,3.85,160.4,0.3625,21.4,0.3754
100,ns,0.2,1800.0,0.952,19.878,15.952,32.034,32.986,False,20.13,1.66,160.4,0.3554,8.0,0.3754
100,ps,1.0,1800.0,0.443,17.422,2.243,73.875,74.318,False,20.318,4.27,427.6,0.0314,21.4,0.3754
100,ps,0.2,1800.0,0.443,17.422,2.243,31.735,32.178,False,17.67,1.85,412.1,0.0243,8.0,0.3754
100,fs,1.0,1800.0,0.219,19.362,0.444,75.306,75.525,False,22.314,3.9,961.2,0.013,21.4,0.3754
100,fs,0.2,1800.0,0.219,19.362,0.444,31.977,32.196,False,19.612,1.66,955.9,0.0059,8.0,0.3754
150,ns,1.0,2700.0,0.952,19.878,15.952,104.423,105.375,False,23.972,5.3,160.4,0.3625,21.4,0.254
150,ns,0.2,2700.0,0.952,19.878,15.952,46.485,47.437,False,20.242,2.39,160.4,0.3554,8.0,0.254
150,ps,1.0,2700.0,0.443,17.422,2.243,100.896,101.339,False,21.378,5.82,427.6,0.0314,21.4,0.254
150,ps,0.2,2700.0,0.443,17.422,2.243,45.843,46.286,False,17.782,2.66,412.9,0.0243,8.0,0.254
150,fs,1.0,2700.0,0.219,19.362,0.444,103.743,103.962,False,23.428,5.37,961.2,0.013,21.4,0.254
150,fs,0.2,2700.0,0.219,19.362,0.444,46.363,46.582,False,19.726,2.41,957.4,0.0059,8.0,0.254
200,ns,1.0,3600.0,0.952,19.878,15.952,128.459,129.411,False,24.914,6.51,160.4,0.3625,21.4,0.1919
200,ns,0.2,3600.0,0.952,19.878,15.952,59.983,60.935,False,20.348,3.07,160.4,0.3554,8.0,0.1919
200,ps,1.0,3600.0,0.443,17.422,2.243,122.894,123.337,False,22.24,7.08,427.6,0.0314,21.4,0.1919
200,ps,0.2,3600.0,0.443,17.422,2.243,58.895,59.338,False,17.884,3.41,413.6,0.0243,8.0,0.1919
200,fs,1.0,3600.0,0.219,19.362,0.444,127.38,127.599,False,24.356,6.59,961.2,0.013,21.4,0.1919
200,fs,0.2,3600.0,0.219,19.362,0.444,59.775,59.994,False,19.83,3.1,958.9,0.0059,8.0,0.1919
300,ns,1.0,5400.0,0.952,19.878,15.952,165.273,166.225,False,26.356,8.36,160.4,0.3625,21.4,0.1289
300,ns,0.2,5400.0,0.952,19.878,15.952,84.362,85.314,False,20.54,4.29,160.4,0.3554,8.0,0.1289
300,ps,1.0,5400.0,0.443,17.422,2.243,155.351,155.794,False,23.512,8.94,427.6,0.0314,21.4,0.1289
300,ps,0.2,5400.0,0.443,17.422,2.243,82.132,82.575,False,18.066,4.74,415.0,0.0243,8.0,0.1289
300,fs,1.0,5400.0,0.219,19.362,0.444,163.328,163.547,False,25.764,8.45,961.2,0.013,21.4,0.1289
300,fs,0.2,5400.0,0.219,19.362,0.444,83.934,84.153,False,20.02,4.35,961.2,0.0059,8.0,0.1289
400,ns,1.0,7200.0,0.952,19.878,15.952,190.892,191.844,False,27.36,9.65,160.4,0.3625,21.4,0.0971
400,ns,0.2,7200.0,0.952,19.878,15.952,105.622,106.574,False,20.706,5.36,160.4,0.3554,8.0,0.0971
400,ps,1.0,7200.0,0.443,17.422,2.243,176.796,177.239,False,24.352,10.17,427.6,0.0314,21.4,0.0971
400,ps,0.2,7200.0,0.443,17.422,2.243,102.006,102.449,False,18.222,5.88,416.1,0.0243,8.0,0.0971
400,fs,1.0,7200.0,0.219,19.362,0.444,188.1,188.319,False,26.736,9.73,961.2,0.013,21.4,0.0971
400,fs,0.2,7200.0,0.219,19.362,0.444,104.925,105.144,False,20.184,5.43,961.2,0.0059,8.0,0.0971
